codigo,detail_url,page,arts_articulo,arts_articulo_emp,arts_nombre,arts_descripcion,aplicaciones_ocr,aplicaciones_ocr_count,atributos_ocr,atributos_ocr_count,referencias_ocr,referencias_ocr_count,oem_ocr,oem_ocr_count,processing_seconds
"TK367237,https://icepar.specparts.shop/products/detail?slug=tekbond_tk367237-625234,1,,,,,""[""""UNIVERSAL UNIVERSAL (0 AL 2026)""""]"",1,[],0,[],0,,,7.0633"
"TK367241,https://icepar.specparts.shop/products/detail?slug=tekbond_tk367241-625235,1,,,,,""[""""UNIVERSAL UNIVERSAL (0 AL 2026)""""]"",1,[],0,[],0,,,6.0526"
"TK367242,https://icepar.specparts.shop/products/detail?slug=tekbond_tk367242-625236,1,,,,,""[""""UNIVERSAL UNIVERSAL (0 AL 2026)""""]"",1,[],0,[],0,,,6.0424"
"TK368410,https://icepar.specparts.shop/products/detail?slug=tekbond_tk368410-625237,1,,,,,""[""""UNIVERSAL UNIVERSAL (0 AL 2026)""""]"",1,[],0,[],0,,,6.1423"
"TK368411,https://icepar.specparts.shop/products/detail?slug=tekbond_tk368411-625238,1,,,,,""[""""UNIVERSAL UNIVERSAL (0 AL 2026)""""]"",1,[],0,[],0,,,6.4165"
"TK700932,https://icepar.specparts.shop/products/detail?slug=tekbond_tk700932-625239,1,,,,,""[""""UNIVERSAL UNIVERSAL (0 AL 2026)""""]"",1,[],0,[],0,,,6.6279"
"TK700961,https://icepar.specparts.shop/products/detail?slug=tekbond_tk700961-625240,1,,,,,""[""""UNIVERSAL UNIVERSAL (0 AL 2026)""""]"",1,[],0,[],0,,,6.4247"
"TK700962,https://icepar.specparts.shop/products/detail?slug=tekbond_tk700962-625241,1,,,,,""[""""UNIVERSAL UNIVERSAL (0 AL 2026)""""]"",1,[],0,[],0,,,6.2440"
"TK708274,https://icepar.specparts.shop/products/detail?slug=tekbond_tk708274-625244,1,,,,,""[""""UNIVERSAL UNIVERSAL (0 AL 2026)""""]"",1,[],0,[],0,,,6.2126"
"TK708273,https://icepar.specparts.shop/products/detail?slug=tekbond_tk708273-625245,1,,,,,""[""""UNIVERSAL UNIVERSAL (0 AL 2026)""""]"",1,[],0,[],0,,,6.2736"
"TK708275,https://icepar.specparts.shop/products/detail?slug=tekbond_tk708275-625246,1,,,,,""[""""UNIVERSAL UNIVERSAL (0 AL 2026)""""]"",1,[],0,[],0,,,5.6979"
S671.090.312,https://icepar.specparts.shop/products/detail?slug=zf_s671090312-132446,1,,,,,[],0,[],0,[],0,,,2.6884
AP9145,https://icepar.specparts.shop/products/detail?slug=paulucci_ap9145-342104,1,,,,,[],0,[],0,[],0,,,2.6042
"AP9179,https://icepar.specparts.shop/products/detail?slug=paulucci_ap9179-342105,1,,,,,""[""""RENAULT MASTER 2.3 DCI (2013 AL 2026)"""", """"RENAULT MASTER 25 DCI (2006 AL 2013)"""", """"RENAULT MASTER 25D (1998 AL 2001)"""", """"RENAULT MASTER 28 TD (1999 AL 2008)"""", """"RENAULT MASTER 28D ASPIRADA (2003 AL 2006)""""]"",5,[],0,[],0,,,10.8580"
"2100 006 232,https://icepar.specparts.shop/products/detail?slug=sachs_2100006232-106865,1,,,,,[],0,[],0,""[""""SACHS: 5%:2100 006 232""""]"",1,,,6.9874"
"2100 011 031,https://icepar.specparts.shop/products/detail?slug=sachs_2100011031-106866,2,,,,,[],0,[],0,""[""""SACHS: 5%:2100011031""""]"",1,,,7.3807"
"2100 012 131,https://icepar.specparts.shop/products/detail?slug=sachs_2100012131-106867,2,,,,,[],0,[],0,""[""""SACHS: 5%:2100012 131""""]"",1,,,7.3092"
"2100 014 331,https://icepar.specparts.shop/products/detail?slug=sachs_2100014331-106868,2,,,,,[],0,[],0,""[""""SACHS: 5%:2100 014 331""""]"",1,,,7.2144"
"2100 019 031,https://icepar.specparts.shop/products/detail?slug=sachs_2100019031-106869,2,,,,,[],0,[],0,""[""""SACHS: 5%:2100019 031""""]"",1,,,7.1460"
"2100 019 032,https://icepar.specparts.shop/products/detail?slug=sachs_2100019032-106870,2,,,,,[],0,[],0,""[""""SACHS: 5%:2100 019 032""""]"",1,,,7.3190"
"2100 020 031,https://icepar.specparts.shop/products/detail?slug=sachs_2100020031-106871,2,,,,,[],0,[],0,""[""""SACHS: 5%:2100020 031""""]"",1,,,7.2497"
"2100 024 031,https://icepar.specparts.shop/products/detail?slug=sachs_2100024031-106872,2,,,,,[],0,[],0,""[""""SACHS: 5%:2100 024031""""]"",1,,,7.1998"
"2100 024 032,https://icepar.specparts.shop/products/detail?slug=sachs_2100024032-106873,2,,,,,[],0,[],0,""[""""SACHS: 5%:2100 024 032""""]"",1,,,7.2569"
"2100 027 032,https://icepar.specparts.shop/products/detail?slug=sachs_2100027032-106874,2,,,,,[],0,[],0,""[""""SACHS: 5X%:2100 027 032""""]"",1,,,7.2041"
"2100 027 131,https://icepar.specparts.shop/products/detail?slug=sachs_2100027131-106875,2,,,,,[],0,[],0,""[""""SACHS: 5%:2100 027 131""""]"",1,,,6.9800"
"2100 030 032,https://icepar.specparts.shop/products/detail?slug=sachs_2100030032-106876,2,,,,,[],0,[],0,""[""""SACHS: 5%:2100 030 032""""]"",1,,,7.0632"
"2100 036 031,https://icepar.specparts.shop/products/detail?slug=sachs_2100036031-106877,2,,,,,[],0,[],0,""[""""SACHS: 5%:2100 036 031""""]"",1,,,7.1447"
"2100 039 031,https://icepar.specparts.shop/products/detail?slug=sachs_2100039031-106878,2,,,,,[],0,[],0,""[""""SACHS: 5%:2100 039 031""""]"",1,,,7.2845"
"2100 044 032,https://icepar.specparts.shop/products/detail?slug=sachs_2100044032-106879,2,,,,,[],0,[],0,""[""""SACHS: 5%:2100 044 032""""]"",1,,,7.1280"
"2100 077 031,https://icepar.specparts.shop/products/detail?slug=sachs_2100077031-106880,2,,,,,[],0,[],0,""[""""SACHS: 5%:2100 077 031""""]"",1,,,7.1646"
"2100 079 031,https://icepar.specparts.shop/products/detail?slug=sachs_2100079031-106881,2,,,,,[],0,[],0,""[""""SACHS: 5%:2100 079031""""]"",1,,,7.0215"
"2100 081 031,https://icepar.specparts.shop/products/detail?slug=sachs_2100081031-106882,2,,,,,[],0,[],0,""[""""SACHS: 5%:2100 081031""""]"",1,,,7.1762"
"2100 082 031,https://icepar.specparts.shop/products/detail?slug=sachs_2100082031-106883,2,,,,,[],0,[],0,""[""""SACHS: 5%:2100 082031""""]"",1,,,7.0616"
PO500,https://icepar.specparts.shop/products/detail?slug=vmg_po500-171439,2,,,,,[],0,[],0,[],0,,,2.5727
PO501,https://icepar.specparts.shop/products/detail?slug=vmg_po501-171440,2,,,,,[],0,[],0,[],0,,,2.7089
PO502,https://icepar.specparts.shop/products/detail?slug=vmg_po502-171441,2,,,,,[],0,[],0,[],0,,,2.6283
PO503,https://icepar.specparts.shop/products/detail?slug=vmg_po503-171442,2,,,,,[],0,[],0,[],0,,,2.5193
PO506,https://icepar.specparts.shop/products/detail?slug=vmg_po506-171443,2,,,,,[],0,[],0,[],0,,,2.4920
PO507,https://icepar.specparts.shop/products/detail?slug=vmg_po507-171444,2,,,,,[],0,[],0,[],0,,,2.6424
PO509,https://icepar.specparts.shop/products/detail?slug=vmg_po509-171445,3,,,,,[],0,[],0,[],0,,,2.6058
PO521,https://icepar.specparts.shop/products/detail?slug=vmg_po521-171447,3,,,,,[],0,[],0,[],0,,,2.6099
PO522,https://icepar.specparts.shop/products/detail?slug=vmg_po522-171448,3,,,,,[],0,[],0,[],0,,,2.5675
PO523,https://icepar.specparts.shop/products/detail?slug=vmg_po523-171449,3,,,,,[],0,[],0,[],0,,,3.0824
PO525,https://icepar.specparts.shop/products/detail?slug=vmg_po525-171450,3,,,,,[],0,[],0,[],0,,,2.7134
PO526,https://icepar.specparts.shop/products/detail?slug=vmg_po526-171451,3,,,,,[],0,[],0,[],0,,,2.7996
PO527,https://icepar.specparts.shop/products/detail?slug=vmg_po527-171452,3,,,,,[],0,[],0,[],0,,,2.5263
PO530,https://icepar.specparts.shop/products/detail?slug=vmg_po530-171453,3,,,,,[],0,[],0,[],0,,,2.6082
PO531,https://icepar.specparts.shop/products/detail?slug=vmg_po531-171454,3,,,,,[],0,[],0,[],0,,,2.5254
PO534,https://icepar.specparts.shop/products/detail?slug=vmg_po534-171455,3,,,,,[],0,[],0,[],0,,,2.5395
PO535,https://icepar.specparts.shop/products/detail?slug=vmg_po535-171456,3,,,,,[],0,[],0,[],0,,,2.6141
PO538,https://icepar.specparts.shop/products/detail?slug=vmg_po538-171458,3,,,,,[],0,[],0,[],0,,,2.6304
PO539,https://icepar.specparts.shop/products/detail?slug=vmg_po539-171459,3,,,,,[],0,[],0,[],0,,,2.5565
PO540,https://icepar.specparts.shop/products/detail?slug=vmg_po540-171460,3,,,,,[],0,[],0,[],0,,,2.5859
PO543,https://icepar.specparts.shop/products/detail?slug=vmg_po543-171462,3,,,,,[],0,[],0,[],0,,,2.6414
PO549,https://icepar.specparts.shop/products/detail?slug=vmg_po549-171463,3,,,,,[],0,[],0,[],0,,,2.5902
PO552,https://icepar.specparts.shop/products/detail?slug=vmg_po552-171465,3,,,,,[],0,[],0,[],0,,,2.6192
PO555,https://icepar.specparts.shop/products/detail?slug=vmg_po555-171466,3,,,,,[],0,[],0,[],0,,,2.5536
PO565,https://icepar.specparts.shop/products/detail?slug=vmg_po565-171467,3,,,,,[],0,[],0,[],0,,,2.5128
PO569,https://icepar.specparts.shop/products/detail?slug=vmg_po569-171468,3,,,,,[],0,[],0,[],0,,,2.5805
PO578,https://icepar.specparts.shop/products/detail?slug=vmg_po578-171469,4,,,,,[],0,[],0,[],0,,,2.6341
PO582,https://icepar.specparts.shop/products/detail?slug=vmg_po582-171470,4,,,,,[],0,[],0,[],0,,,2.5860
PO560,https://icepar.specparts.shop/products/detail?slug=vmg_po560-171472,4,,,,,[],0,[],0,[],0,,,2.6360
PO561,https://icepar.specparts.shop/products/detail?slug=vmg_po561-171473,4,,,,,[],0,[],0,[],0,,,2.5399
PO563,https://icepar.specparts.shop/products/detail?slug=vmg_po563-171475,4,,,,,[],0,[],0,[],0,,,2.8022
PO572,https://icepar.specparts.shop/products/detail?slug=vmg_po572-171476,4,,,,,[],0,[],0,[],0,,,2.6564
PO581,https://icepar.specparts.shop/products/detail?slug=vmg_po581-171479,4,,,,,[],0,[],0,[],0,,,2.5950
PO583,https://icepar.specparts.shop/products/detail?slug=vmg_po583-171480,4,,,,,[],0,[],0,[],0,,,2.6647
PO586,https://icepar.specparts.shop/products/detail?slug=vmg_po586-171482,4,,,,,[],0,[],0,[],0,,,2.6684
PO590,https://icepar.specparts.shop/products/detail?slug=vmg_po590-171484,4,,,,,[],0,[],0,[],0,,,2.5055
"PO595,https://icepar.specparts.shop/products/detail?slug=vmg_po595-171485,4,,,,,""[""""VOLVO FH-SERIES FH12 380 4X2 (1999 AL 2006)"""", """"VOLVO FH-SERIES FH12 420 4X2 (1999 AL 2006)"""", """"VOLVO FH-SERIES FH12 460 4X2 (1999 AL 2006)"""", """"VOLVO FH-SERIES FH12 460 &X4 (2007 AL 2008)"""", """"VOLVO NH NH12 460 4X2 (2003 AL 2007)""""]"",5,[],0,[],0,,,10.9023"
"PO601,https://icepar.specparts.shop/products/detail?slug=vmg_po601-171486,4,,,,,""[""""FORD SIERRA 16 (1984 AL 1992)""""]"",1,[],0,[],0,,,6.2365"
PO602,https://icepar.specparts.shop/products/detail?slug=vmg_po602-171487,4,,,,,[],0,[],0,[],0,,,2.6489
PO604,https://icepar.specparts.shop/products/detail?slug=vmg_po604-171488,4,,,,,[],0,[],0,[],0,,,2.7978
PO605,https://icepar.specparts.shop/products/detail?slug=vmg_po605-171489,4,,,,,[],0,[],0,[],0,,,2.6056
PO606,https://icepar.specparts.shop/products/detail?slug=vmg_po606-171490,4,,,,,[],0,[],0,[],0,,,2.5192
PO608,https://icepar.specparts.shop/products/detail?slug=vmg_po608-171491,4,,,,,[],0,[],0,[],0,,,2.7262
PO609,https://icepar.specparts.shop/products/detail?slug=vmg_po609-171492,4,,,,,[],0,[],0,[],0,,,2.6649
PO611,https://icepar.specparts.shop/products/detail?slug=vmg_po611-171493,5,,,,,[],0,[],0,[],0,,,2.6206
PO613,https://icepar.specparts.shop/products/detail?slug=vmg_po613-171494,5,,,,,[],0,[],0,[],0,,,2.6168
PO623,https://icepar.specparts.shop/products/detail?slug=vmg_po623-171495,5,,,,,[],0,[],0,[],0,,,2.5673
PO628,https://icepar.specparts.shop/products/detail?slug=vmg_po628-171496,5,,,,,[],0,[],0,[],0,,,2.6102
PO629,https://icepar.specparts.shop/products/detail?slug=vmg_po629-171497,5,,,,,[],0,[],0,[],0,,,2.6214
PO632,https://icepar.specparts.shop/products/detail?slug=vmg_po632-171498,5,,,,,[],0,[],0,[],0,,,2.5815
PO633,https://icepar.specparts.shop/products/detail?slug=vmg_po633-171499,5,,,,,[],0,[],0,[],0,,,2.7658
PO634,https://icepar.specparts.shop/products/detail?slug=vmg_po634-171500,5,,,,,[],0,[],0,[],0,,,2.6043
PO637CPV,https://icepar.specparts.shop/products/detail?slug=vmg_po637cpv-171504,5,,,,,[],0,[],0,[],0,,,2.5167
"PO510,https://icepar.specparts.shop/products/detail?slug=vmg_po510-545728,5,,,,,""[""""DODGE RAM 5.9D (1994 AL 1998)""""]"",1,[],0,[],0,,,6.3262"
"PO514,https://icepar.specparts.shop/products/detail?slug=vmg_po514-545732,5,,,,,""[""""FORD RANGER 2.3 MPI (1996 AL 1997)"""", """"FORD RANGER 2.5 MPI (1995 AL 2001)""""]"",2,[],0,[],0,,,7.2678"
"PO515,https://icepar.specparts.shop/products/detail?slug=vmg_po515-545733,5,,,,,""[""""FORD F-100 4.91 (1993 AL 1999)""""]"",1,[],0,[],0,,,6.5075"
PO516,https://icepar.specparts.shop/products/detail?slug=vmg_po516-545734,5,,,,,[],0,[],0,[],0,,,2.5429
"PO520,https://icepar.specparts.shop/products/detail?slug=vmg_po520-545736,5,,,,,""[""""FORD TRANSIT 2.4 TDI (2000 AL 2002)"""", """"FORD TRANSIT 2.4 TDI 16¥V (2000 AL 2005)""""]"",2,[],0,[],0,,,7.3758"
