Segmento,Marca,Modelo,Versión,Año,Códigos
AUTOMÓVILES,ACURA,INTEGRA,1.6I SEDAN,1988,"GDB925, RCLF00440, RCLF00460"
AUTOMÓVILES,ACURA,INTEGRA,1.6I SEDAN,1989,"GDB925, RCLF00440, RCLF00460"
AUTOMÓVILES,ACURA,INTEGRA,1.8 SEDAN,1992,"2561, RPDI00570, HF 700, GDB925, RCLF00440, RCLF00460"
AUTOMÓVILES,ACURA,INTEGRA,1.8 SEDAN,1993,"2561, RPDI00570, HF 700, GDB925, RCLF00440, RCLF00460"
AUTOMÓVILES,ACURA,INTEGRA,1.8 SEDAN,1994,"2561, RPDI00570, HF 700, GDB925, RCLF00440, RCLF00460"
AUTOMÓVILES,ACURA,INTEGRA,1.8 SEDAN,1995,"2561, RPDI00570, HF 700, GDB925, RCLF00440, RCLF00460"
AUTOMÓVILES,ACURA,INTEGRA,1.8 SEDAN,1996,"2561, RPDI00570, HF 700, GDB925, RCLF00440, RCLF00460"
AUTOMÓVILES,ACURA,INTEGRA,1.8 SEDAN,1997,"2561, RPDI00570, HF 700, GDB925, RCLF00440, RCLF00460"
AUTOMÓVILES,ACURA,INTEGRA,1.8 V-TEC 16V,1998,"2561, RPDI00570, GDB925"
AUTOMÓVILES,ACURA,INTEGRA,1.8 V-TEC 16V,1999,"2561, RPDI00570, GDB925"
AUTOMÓVILES,ACURA,INTEGRA,1.8 V-TEC 16V,2000,"2561, RPDI00570, GDB925"
AUTOMÓVILES,ACURA,INTEGRA,1.8 V-TEC 16V,2001,"2561, RPDI00570, GDB925"
AUTOMÓVILES,ACURA,LEGEND,3.5 V6,1991,"76196X28XS, HF 710A, OC 196, 05P341, 05P1423, GDB3212, RCLF00440, RCLF00460"
AUTOMÓVILES,ACURA,LEGEND,3.5 V6,1992,"76196X28XS, HF 710A, OC 196, 05P341, 05P1423, GDB3212, RCLF00440, RCLF00460"
AUTOMÓVILES,ACURA,LEGEND,3.5 V6,1993,"76196X28XS, HF 710A, OC 196, 05P341, 05P1423, GDB3212, RCLF00440, RCLF00460"
AUTOMÓVILES,ACURA,LEGEND,3.5 V6,1994,"76196X28XS, HF 710A, OC 196, 05P341, 05P1423, GDB3212, RCLF00440, RCLF00460"
AUTOMÓVILES,ACURA,LEGEND,3.5 V6,1995,"76196X28XS, HF 710A, OC 196, 05P341, 05P1423, GDB3212, RCLF00440, RCLF00460"
AUTOMÓVILES,ACURA,LEGEND,3.5 V6,1996,"76196X28XS, HF 710A, OC 196, 05P341, 05P1423, GDB3212, RCLF00440, RCLF00460"
AUTOMÓVILES,ACURA,LEGEND,3.5 V6,1997,"76196X28XS, HF 710A, OC 196, 05P341, 05P1423, GDB3212, RCLF00440, RCLF00460"
AUTOMÓVILES,ALFA ROMEO,33,1.4 IE,1992,"316 036, 39, 3039, 3040, KG15044.0.1, 41100X17, 279205, HF 44, RCPT00860, RCPT00910, 05P020, 05P301, 05P316, GDB1045, GDB458, GDB1251, GDB172, GDB466, 6777, 618 2169 00, RCLF00440, RCLF00460"
AUTOMÓVILES,ALFA ROMEO,33,1.4 IE,1993,"316 036, 39, 3039, 3040, KG15044.0.1, 41100X17, 279205, HF 44, RCPT00860, RCPT00910, 05P020, 05P301, 05P316, GDB1045, GDB458, GDB1251, GDB172, GDB466, 6777, 618 2169 00, RCLF00440, RCLF00460"
AUTOMÓVILES,ALFA ROMEO,33,1.4 IE,1994,"316 036, 39, 3039, 3040, KG15044.0.1, 41100X17, 279205, HF 44, RCPT00860, RCPT00910, 05P020, 05P301, 05P316, GDB1045, GDB458, GDB1251, GDB172, GDB466, 6777, 618 2169 00, RCLF00440, RCLF00460"
AUTOMÓVILES,ALFA ROMEO,33,1.5,1990,"39, 3039, 3040, KG15044.0.1, 41100X17, 41098X17, 10X850-4, 279205, HF 44, RCPT00860, RCPT00910, 05P020, 05P301, 05P316, GDB1045, GDB458, GDB1251, GDB466, 6777, 618 2169 00, RCLF00440, RCLF00460"
AUTOMÓVILES,ALFA ROMEO,33,1.5,1991,"39, 3039, 3040, KG15044.0.1, 41100X17, 41098X17, 10X850-4, 279205, HF 44, RCPT00860, RCPT00910, 05P020, 05P301, 05P316, GDB1045, GDB458, GDB1251, GDB466, 6777, 618 2169 00, RCLF00440, RCLF00460"
AUTOMÓVILES,ALFA ROMEO,33,1.5,1992,"39, 3039, 3040, KG15044.0.1, 41100X17, 41098X17, 10X850-4, 279205, HF 44, RCPT00860, RCPT00910, 05P020, 05P301, 05P316, GDB1045, GDB458, GDB1251, GDB466, 6777, 618 2169 00, RCLF00440, RCLF00460"
AUTOMÓVILES,ALFA ROMEO,33,1.5,1993,"39, 3039, 3040, KG15044.0.1, 41100X17, 41098X17, 10X850-4, 279205, HF 44, RCPT00860, RCPT00910, 05P020, 05P301, 05P316, GDB1045, GDB458, GDB1251, GDB466, 6777, 618 2169 00, RCLF00440, RCLF00460"
AUTOMÓVILES,ALFA ROMEO,33,1.5,1994,"39, 3039, 3040, KG15044.0.1, 41100X17, 41098X17, 10X850-4, 279205, HF 44, RCPT00860, RCPT00910, 05P020, 05P301, 05P316, GDB1045, GDB458, GDB1251, GDB466, 6777, 618 2169 00, RCLF00440, RCLF00460"
AUTOMÓVILES,ALFA ROMEO,33,1.7 16V,1993,"316 036, 39, 3039, 3040, KG15044.0.1, 58121X20, 279205, 05P020, 05P421, 05P301, 05P316, GDB1045, GDB1251, 6777, 618 2169 00, RCLF00440, RCLF00460"
AUTOMÓVILES,ALFA ROMEO,33,1.7 16V,1994,"316 036, 39, 3039, 3040, KG15044.0.1, 58121X20, 279205, 05P020, 05P421, 05P301, 05P316, GDB1045, GDB1251, 6777, 618 2169 00, RCLF00440, RCLF00460"
AUTOMÓVILES,ALFA ROMEO,33,1.7 16V,1995,"316 036, 39, 3039, 3040, KG15044.0.1, 58121X20, 279205, 05P020, 05P421, 05P301, 05P316, GDB1045, GDB1251, 6777, 618 2169 00, RCLF00440, RCLF00460"
AUTOMÓVILES,ALFA ROMEO,33,1.7 8V,1992,"316 036, 39, 3039, 3040, KG15044.0.1, 41100X17, 41098X17, 279205, 05P020, 05P421, 05P301, 05P316, 6777, 618 2169 00, RCLF00440, RCLF00460"
AUTOMÓVILES,ALFA ROMEO,33,1.7 8V,1993,"316 036, 39, 3039, 3040, KG15044.0.1, 41100X17, 41098X17, 279205, 05P020, 05P421, 05P301, 05P316, 6777, 618 2169 00, RCLF00440, RCLF00460"
AUTOMÓVILES,ALFA ROMEO,33,1.7 8V,1994,"316 036, 39, 3039, 3040, KG15044.0.1, 41100X17, 41098X17, 279205, 05P020, 05P421, 05P301, 05P316, 6777, 618 2169 00, RCLF00440, RCLF00460"
AUTOMÓVILES,ALFA ROMEO,33,1.7 8V,1995,"316 036, 39, 3039, 3040, KG15044.0.1, 41100X17, 41098X17, 279205, 05P020, 05P421, 05P301, 05P316, 6777, 618 2169 00, RCLF00440, RCLF00460"
AUTOMÓVILES,ALFA ROMEO,33,1.7 IE 16V,1992,"316 036, 39, 3039, 3040, KG15044.0.1, 58121X20, 13X950-4, 10X850-4, 279205, HF 44, RCPT00860, RCPT00910, 05P020, 05P421, 05P301, 05P316, GDB1045, GDB458, GDB1251, GDB466, 6777, 618 2169 00, RCLF00440, RCLF00460"
AUTOMÓVILES,ALFA ROMEO,33,1.7 IE 16V,1993,"316 036, 39, 3039, 3040, KG15044.0.1, 58121X20, 13X950-4, 10X850-4, 279205, HF 44, RCPT00860, RCPT00910, 05P020, 05P421, 05P301, 05P316, GDB1045, GDB458, GDB1251, GDB466, 6777, 618 2169 00, RCLF00440, RCLF00460"
AUTOMÓVILES,ALFA ROMEO,33,1.7 IE 16V,1994,"316 036, 39, 3039, 3040, KG15044.0.1, 58121X20, 13X950-4, 10X850-4, 279205, HF 44, RCPT00860, RCPT00910, 05P020, 05P421, 05P301, 05P316, GDB1045, GDB458, GDB1251, GDB466, 6777, 618 2169 00, RCLF00440, RCLF00460"
AUTOMÓVILES,ALFA ROMEO,33,1.7 IE 16V,1995,"316 036, 39, 3039, 3040, KG15044.0.1, 58121X20, 13X950-4, 10X850-4, 279205, HF 44, RCPT00860, RCPT00910, 05P020, 05P421, 05P301, 05P316, GDB1045, GDB458, GDB1251, GDB466, 6777, 618 2169 00, RCLF00440, RCLF00460"
AUTOMÓVILES,ALFA ROMEO,33,1.7 IE 16V,1996,"316 036, 39, 3039, 3040, KG15044.0.1, 58121X20, 13X950-4, 10X850-4, 279205, HF 44, RCPT00860, RCPT00910, 05P020, 05P421, 05P301, 05P316, GDB1045, GDB458, GDB1251, GDB466, 6777, 618 2169 00, RCLF00440, RCLF00460"
AUTOMÓVILES,ALFA ROMEO,145,1.4 16V,1996,"10142GOP, 60051GOP, 316 036, AX3610, JTSB0030, JTSB0035, BA332, 3017, 3149, 7737, 7743, 6771, 6PK1055-9, 6PK1840-4, 40163X24XS, 163X24XS, RCDI01040, HF 30, 358054191, 358054211, 858083191, 858083211, TS.3980, OC 66, LX 618, KL 83, KL 582, RCPT00860, RCPT00910, 05P646, GDB458, GDB466, 1111-539, RCLF00440, RCLF00460, 12803AP, T42060, T36001, T36208, T43033"
AUTOMÓVILES,ALFA ROMEO,145,1.4 16V,1997,"10142GOP, 60051GOP, 316 036, AX3610, JTSB0030, JTSB0035, BA332, 3017, 3149, 7737, 7743, 6771, 6PK1055-9, 6PK1840-4, 40163X24XS, 163X24XS, RCDI01040, HF 30, 358054191, 358054211, 858083191, 858083211, TS.3980, OC 66, LX 618, KL 83, KL 582, RCPT00860, RCPT00910, 05P646, GDB458, GDB466, 1111-539, RCLF00440, RCLF00460, 12803AP, T42060, T36001, T36208, T43033"
AUTOMÓVILES,ALFA ROMEO,145,1.4 16V,1998,"10142GOP, 60051GOP, 316 036, AX3610, JTSB0030, JTSB0035, BA332, 3017, 3149, 7737, 7743, 6771, 6PK1055-9, 6PK1840-4, 40163X24XS, 163X24XS, RCDI01040, HF 30, 358054191, 358054211, 858083191, 858083211, TS.3980, OC 66, LX 618, KL 83, KL 582, RCPT00860, RCPT00910, 05P646, GDB458, GDB466, 1111-539, RCLF00440, RCLF00460, 12803AP, T42060, T36001, T36208, T43033"
AUTOMÓVILES,ALFA ROMEO,145,1.6 IE,1994,"10142GOP, 60051GOP, 316 036, AX3610, JTSB0030, JTSB0035, 3017, 3149, 7737, 7743, 6771, 5PK865-9, 5PK855-9, 41100X17, 10X825-9, 10X735-9, 279205, RCDI01040, RCDI01800, RPDI04540, 358054191, 358054211, 858083191, 858083211, 858083221, TS.3980, RCPT00860, RCPT00910, RCPT07590, 05P646, GDB458, GDB466, RCLF00440, RCLF00460, T36001"
AUTOMÓVILES,ALFA ROMEO,145,1.6 IE,1995,"10142GOP, 60051GOP, 316 036, AX3610, JTSB0030, JTSB0035, 3017, 3149, 7737, 7743, 6771, 5PK865-9, 5PK855-9, 41100X17, 10X825-9, 10X735-9, 279205, RCDI01040, RCDI01800, RPDI04540, 358054191, 358054211, 858083191, 858083211, 858083221, TS.3980, RCPT00860, RCPT00910, RCPT07590, 05P646, GDB458, GDB466, RCLF00440, RCLF00460, T36001"
AUTOMÓVILES,ALFA ROMEO,145,1.6 IE,1996,"10142GOP, 60051GOP, 316 036, AX3610, JTSB0030, JTSB0035, 3017, 3149, 7737, 7743, 6771, 5PK865-9, 5PK855-9, 41100X17, 10X825-9, 10X735-9, 279205, RCDI01040, RCDI01800, RPDI04540, 358054191, 358054211, 858083191, 858083211, 858083221, TS.3980, RCPT00860, RCPT00910, RCPT07590, 05P646, GDB458, GDB466, RCLF00440, RCLF00460, T36001"
AUTOMÓVILES,ALFA ROMEO,145,1.6 IE,1997,"10142GOP, 60051GOP, 316 036, AX3610, JTSB0030, JTSB0035, 3017, 3149, 7737, 7743, 6771, 5PK865-9, 5PK855-9, 41100X17, 10X825-9, 10X735-9, 279205, RCDI01040, RCDI01800, RPDI04540, 358054191, 358054211, 858083191, 858083211, 858083221, TS.3980, RCPT00860, RCPT00910, RCPT07590, 05P646, GDB458, GDB466, RCLF00440, RCLF00460, T36001"
AUTOMÓVILES,ALFA ROMEO,145,1.7 16V,1994,"10142GOP, 60051GOP, 316 036, AX3610, JTSB0030, JTSB0035, 3017, 3140, 7737, 7743, 6771, 5PK855-9, 58121X20, 279205, 279612, RCDI01040, RCDI01800, 358054191, 358054211, 858083191, 858083211, TS.3980, RCPT00860, RCPT00910, RCPT07590, 05P646, GDB458, GDB466, RCLF00440, RCLF00460, T36001, T36208"
AUTOMÓVILES,ALFA ROMEO,145,1.7 16V,1995,"10142GOP, 60051GOP, 316 036, AX3610, JTSB0030, JTSB0035, 3017, 3140, 7737, 7743, 6771, 5PK855-9, 58121X20, 279205, 279612, RCDI01040, RCDI01800, 358054191, 358054211, 858083191, 858083211, TS.3980, RCPT00860, RCPT00910, RCPT07590, 05P646, GDB458, GDB466, RCLF00440, RCLF00460, T36001, T36208"
AUTOMÓVILES,ALFA ROMEO,145,1.7 16V,1996,"10142GOP, 60051GOP, 316 036, AX3610, JTSB0030, JTSB0035, 3017, 3140, 7737, 7743, 6771, 5PK855-9, 58121X20, 279205, 279612, RCDI01040, RCDI01800, 358054191, 358054211, 858083191, 858083211, TS.3980, RCPT00860, RCPT00910, RCPT07590, 05P646, GDB458, GDB466, RCLF00440, RCLF00460, T36001, T36208"
AUTOMÓVILES,ALFA ROMEO,145,1.7 16V,1997,"10142GOP, 60051GOP, 316 036, AX3610, JTSB0030, JTSB0035, 3017, 3140, 7737, 7743, 6771, 5PK855-9, 58121X20, 279205, 279612, RCDI01040, RCDI01800, 358054191, 358054211, 858083191, 858083211, TS.3980, RCPT00860, RCPT00910, RCPT07590, 05P646, GDB458, GDB466, RCLF00440, RCLF00460, T36001, T36208"
AUTOMÓVILES,ALFA ROMEO,145,1.7 8V BOXER,1994,"10142GOP, 60051GOP, 316 036, AX3610, JTSB0030, JTSB0035, 3017, 3140, 7737, 7743, 6771, 41100X17, RCDI01040, 358054191, 358054211, 858083191, 858083211, TS.3980, RCPT00860, RCPT00910, RCPT07590, 05P646, GDB458, GDB466, RCLF00440, RCLF00460, T36001, T36208"
AUTOMÓVILES,ALFA ROMEO,145,1.7 8V BOXER,1995,"10142GOP, 60051GOP, 316 036, AX3610, JTSB0030, JTSB0035, 3017, 3140, 7737, 7743, 6771, 41100X17, RCDI01040, 358054191, 358054211, 858083191, 858083211, TS.3980, RCPT00860, RCPT00910, RCPT07590, 05P646, GDB458, GDB466, RCLF00440, RCLF00460, T36001, T36208"
AUTOMÓVILES,ALFA ROMEO,145,1.7 8V BOXER,1996,"10142GOP, 60051GOP, 316 036, AX3610, JTSB0030, JTSB0035, 3017, 3140, 7737, 7743, 6771, 41100X17, RCDI01040, 358054191, 358054211, 858083191, 858083211, TS.3980, RCPT00860, RCPT00910, RCPT07590, 05P646, GDB458, GDB466, RCLF00440, RCLF00460, T36001, T36208"
AUTOMÓVILES,ALFA ROMEO,145,1.7 8V BOXER,1997,"10142GOP, 60051GOP, 316 036, AX3610, JTSB0030, JTSB0035, 3017, 3140, 7737, 7743, 6771, 41100X17, RCDI01040, 358054191, 358054211, 858083191, 858083211, TS.3980, RCPT00860, RCPT00910, RCPT07590, 05P646, GDB458, GDB466, RCLF00440, RCLF00460, T36001, T36208"
AUTOMÓVILES,ALFA ROMEO,145,1.8 16V,1996,"10142GOP, 60051GOP, 316 036, AX3610, JTSB0030, JTSB0035, BA332, 3017, 7737, 7743, 6771, 1869, 6PK1055-9, 99168X24XS, 40130X15XS, 279612, RCDI01800, RPDI00430, HF 33, 358054191, 358054211, 858083191, 858083211, 858083221, TS.3980, OC 66, LX 618, KL 83, KL 582, FI-0280155769, RCPT00543, RCPT07590, 05P646, GDB1445, GDB1212, 1111-539, K99168X24XS-C, T42060, T36001, T43043"
AUTOMÓVILES,ALFA ROMEO,145,1.8 16V,1997,"10142GOP, 60051GOP, 316 036, AX3610, JTSB0030, JTSB0035, BA332, 3017, 7737, 7743, 6771, 1869, 6PK1055-9, 99168X24XS, 40130X15XS, 279612, RCDI01800, RPDI00430, HF 33, 358054191, 358054211, 858083191, 858083211, 858083221, TS.3980, OC 66, LX 618, KL 83, KL 582, FI-0280155769, RCPT00543, RCPT07590, 05P646, GDB1445, GDB1212, 1111-539, K99168X24XS-C, T42060, T36001, T43043"
AUTOMÓVILES,ALFA ROMEO,145,1.8 16V,1998,"10142GOP, 60051GOP, 316 036, AX3610, JTSB0030, JTSB0035, BA332, 3017, 7737, 7743, 6771, 1869, 6PK1055-9, 99168X24XS, 40130X15XS, 279612, RCDI01800, RPDI00430, HF 33, 358054191, 358054211, 858083191, 858083211, 858083221, TS.3980, OC 66, LX 618, KL 83, KL 582, FI-0280155769, RCPT00543, RCPT07590, 05P646, GDB1445, GDB1212, 1111-539, K99168X24XS-C, T42060, T36001, T43043"
AUTOMÓVILES,ALFA ROMEO,145,1.8 16V,1999,"10142GOP, 60051GOP, 316 036, AX3610, JTSB0030, JTSB0035, BA332, 3017, 7737, 7743, 6771, 1869, 6PK1055-9, 99168X24XS, 40130X15XS, 279612, RCDI01800, RPDI00430, HF 33, 358054191, 358054211, 858083191, 858083211, 858083221, TS.3980, OC 66, LX 618, KL 83, KL 582, FI-0280155769, RCPT00543, RCPT07590, 05P646, GDB1445, GDB1212, 1111-539, K99168X24XS-C, T42060, T36001, T43043"
AUTOMÓVILES,ALFA ROMEO,145,1.8 16V,2000,"10142GOP, 60051GOP, 316 036, AX3610, JTSB0030, JTSB0035, BA332, 3017, 7737, 7743, 6771, 1869, 6PK1055-9, 99168X24XS, 40130X15XS, 279612, RCDI01800, RPDI00430, HF 33, 358054191, 358054211, 858083191, 858083211, 858083221, TS.3980, OC 66, LX 618, KL 83, KL 582, FI-0280155769, RCPT00543, RCPT07590, 05P646, GDB1445, GDB1212, 1111-539, K99168X24XS-C, T42060, T36001, T43043"
AUTOMÓVILES,ALFA ROMEO,145,1.8 16V,2001,"10142GOP, 60051GOP, 316 036, AX3610, JTSB0030, JTSB0035, BA332, 3017, 7737, 7743, 6771, 1869, 6PK1055-9, 99168X24XS, 40130X15XS, 279612, RCDI01800, RPDI00430, HF 33, 358054191, 358054211, 858083191, 858083211, 858083221, TS.3980, OC 66, LX 618, KL 83, KL 582, FI-0280155769, RCPT00543, RCPT07590, 05P646, GDB1445, GDB1212, 1111-539, K99168X24XS-C, T42060, T36001, T43043"
AUTOMÓVILES,ALFA ROMEO,145,1.8 16V,2002,"10142GOP, 60051GOP, 316 036, AX3610, JTSB0030, JTSB0035, BA332, 3017, 7737, 7743, 6771, 1869, 6PK1055-9, 99168X24XS, 40130X15XS, 279612, RCDI01800, RPDI00430, HF 33, 358054191, 358054211, 858083191, 858083211, 858083221, TS.3980, OC 66, LX 618, KL 83, KL 582, FI-0280155769, RCPT00543, RCPT07590, 05P646, GDB1445, GDB1212, 1111-539, K99168X24XS-C, T42060, T36001, T43043"
AUTOMÓVILES,ALFA ROMEO,145,1.9 JTD,1999,"10142GOP, 60051GOP, 316 036, AX3610, JTSB0030, JTSB0035, BA339, BA866, 3017, 7737, 7743, 6771, 40190X24XS, RCDI01040, HF 30, HF 33, 358054191, 358054211, 858083191, 858083211, 858083221, TS.3980, LX 618, 05P646, GDB1387, 535 0023 10, T36006, T38356, T38364, 534 0101 20, 531 0255 30, 532 0287 10, 531 0844 10, 836016"
AUTOMÓVILES,ALFA ROMEO,145,1.9 JTD,2000,"10142GOP, 60051GOP, 316 036, AX3610, JTSB0030, JTSB0035, BA339, BA866, 3017, 7737, 7743, 6771, 40190X24XS, RCDI01040, HF 30, HF 33, 358054191, 358054211, 858083191, 858083211, 858083221, TS.3980, LX 618, 05P646, GDB1387, 535 0023 10, T36006, T38356, T38364, 534 0101 20, 531 0255 30, 532 0287 10, 531 0844 10, 836016"
AUTOMÓVILES,ALFA ROMEO,145,1.9 JTD,2001,"10142GOP, 60051GOP, 316 036, AX3610, JTSB0030, JTSB0035, BA339, BA866, 3017, 7737, 7743, 6771, 40190X24XS, RCDI01040, HF 30, HF 33, 358054191, 358054211, 858083191, 858083211, 858083221, TS.3980, LX 618, 05P646, GDB1387, 535 0023 10, T36006, T38356, T38364, 534 0101 20, 531 0255 30, 532 0287 10, 531 0844 10, 836016"
AUTOMÓVILES,ALFA ROMEO,145,1.9 JTD,2002,"10142GOP, 60051GOP, 316 036, AX3610, JTSB0030, JTSB0035, BA339, BA866, 3017, 7737, 7743, 6771, 40190X24XS, RCDI01040, HF 30, HF 33, 358054191, 358054211, 858083191, 858083211, 858083221, TS.3980, LX 618, 05P646, GDB1387, 535 0023 10, T36006, T38356, T38364, 534 0101 20, 531 0255 30, 532 0287 10, 531 0844 10, 836016"
AUTOMÓVILES,ALFA ROMEO,145,1.9 TD,1996,"10142GOP, 60051GOP, 316 036, AX3610, JTSB0030, JTSB0035, 195, 3017, 3149, 7737, 7743, 6771, 99173X22, 279612, RCDI01040, HF 30, 358054191, 358054211, 858083191, 858083211, 858083221, TS.3980, OC 501, LX 453, KC 51, RCPT00860, RCPT00910, 05P646, GDB458, GDB466, 1111-539, 821325, RCLF00440, RCLF00460, 12803AP, T36208, T38356"
AUTOMÓVILES,ALFA ROMEO,145,1.9 TD,1997,"10142GOP, 60051GOP, 316 036, AX3610, JTSB0030, JTSB0035, 195, 3017, 3149, 7737, 7743, 6771, 99173X22, 279612, RCDI01040, HF 30, 358054191, 358054211, 858083191, 858083211, 858083221, TS.3980, OC 501, LX 453, KC 51, RCPT00860, RCPT00910, 05P646, GDB458, GDB466, 1111-539, 821325, RCLF00440, RCLF00460, 12803AP, T36208, T38356"
AUTOMÓVILES,ALFA ROMEO,145,1.9 TD,1998,"10142GOP, 60051GOP, 316 036, AX3610, JTSB0030, JTSB0035, 195, 3017, 3149, 7737, 7743, 6771, 99173X22, 279612, RCDI01040, HF 30, 358054191, 358054211, 858083191, 858083211, 858083221, TS.3980, OC 501, LX 453, KC 51, RCPT00860, RCPT00910, 05P646, GDB458, GDB466, 1111-539, 821325, RCLF00440, RCLF00460, 12803AP, T36208, T38356"
AUTOMÓVILES,ALFA ROMEO,145,1.9 TD,1999,"10142GOP, 60051GOP, 316 036, AX3610, JTSB0030, JTSB0035, 195, 3017, 3149, 7737, 7743, 6771, 99173X22, 279612, RCDI01040, HF 30, 358054191, 358054211, 858083191, 858083211, 858083221, TS.3980, OC 501, LX 453, KC 51, RCPT00860, RCPT00910, 05P646, GDB458, GDB466, 1111-539, 821325, RCLF00440, RCLF00460, 12803AP, T36208, T38356"
AUTOMÓVILES,ALFA ROMEO,145,2.0L,1996,"10142GOP, 60051GOP, 316 036, AX3610, JTSB0030, JTSB0035, 7737, 7743, 6771, 7PK1075-9, 6PK1980-4, 7PK1950-4, 99168X24XS, 40130X15XS, 279612, RCDI01800, RPDI00430, HF 33, 358054191, 358054211, 858083191, 858083211, TS.3980, OC 66, LX 618, KL 83, KL 582, FI-0280155769, RCPT00543, RCPT00910, RCPT02650, 05P646, GDB1445, GDB1212, 1111-539, 801977, T42060, T36001, T43043, 531 0594 30"
AUTOMÓVILES,ALFA ROMEO,145,2.0L,1997,"10142GOP, 60051GOP, 316 036, AX3610, JTSB0030, JTSB0035, 7737, 7743, 6771, 7PK1075-9, 6PK1980-4, 7PK1950-4, 99168X24XS, 40130X15XS, 279612, RCDI01800, RPDI00430, HF 33, 358054191, 358054211, 858083191, 858083211, TS.3980, OC 66, LX 618, KL 83, KL 582, FI-0280155769, RCPT00543, RCPT00910, RCPT02650, 05P646, GDB1445, GDB1212, 1111-539, 801977, T42060, T36001, T43043, 531 0594 30"
AUTOMÓVILES,ALFA ROMEO,145,2.0L,1998,"10142GOP, 60051GOP, 316 036, AX3610, JTSB0030, JTSB0035, 7737, 7743, 6771, 7PK1075-9, 6PK1980-4, 7PK1950-4, 99168X24XS, 40130X15XS, 279612, RCDI01800, RPDI00430, HF 33, 358054191, 358054211, 858083191, 858083211, TS.3980, OC 66, LX 618, KL 83, KL 582, FI-0280155769, RCPT00543, RCPT00910, RCPT02650, 05P646, GDB1445, GDB1212, 1111-539, 801977, T42060, T36001, T43043, 531 0594 30"
AUTOMÓVILES,ALFA ROMEO,145,2.0L,1999,"10142GOP, 60051GOP, 316 036, AX3610, JTSB0030, JTSB0035, 7737, 7743, 6771, 7PK1075-9, 6PK1980-4, 7PK1950-4, 99168X24XS, 40130X15XS, 279612, RCDI01800, RPDI00430, HF 33, 358054191, 358054211, 858083191, 858083211, TS.3980, OC 66, LX 618, KL 83, KL 582, FI-0280155769, RCPT00543, RCPT00910, RCPT02650, 05P646, GDB1445, GDB1212, 1111-539, 801977, T42060, T36001, T43043, 531 0594 30"
AUTOMÓVILES,ALFA ROMEO,145,2.0L,2000,"10142GOP, 60051GOP, 316 036, AX3610, JTSB0030, JTSB0035, 7737, 7743, 6771, 7PK1075-9, 6PK1980-4, 7PK1950-4, 99168X24XS, 40130X15XS, 279612, RCDI01800, RPDI00430, HF 33, 358054191, 358054211, 858083191, 858083211, TS.3980, OC 66, LX 618, KL 83, KL 582, FI-0280155769, RCPT00543, RCPT00910, RCPT02650, 05P646, GDB1445, GDB1212, 1111-539, 801977, T42060, T36001, T43043, 531 0594 30"
AUTOMÓVILES,ALFA ROMEO,145,2.0L,2001,"10142GOP, 60051GOP, 316 036, AX3610, JTSB0030, JTSB0035, 7737, 7743, 6771, 7PK1075-9, 6PK1980-4, 7PK1950-4, 99168X24XS, 40130X15XS, 279612, RCDI01800, RPDI00430, HF 33, 358054191, 358054211, 858083191, 858083211, TS.3980, OC 66, LX 618, KL 83, KL 582, FI-0280155769, RCPT00543, RCPT00910, RCPT02650, 05P646, GDB1445, GDB1212, 1111-539, 801977, T42060, T36001, T43043, 531 0594 30"
AUTOMÓVILES,ALFA ROMEO,145,2.0L,2002,"10142GOP, 60051GOP, 316 036, AX3610, JTSB0030, JTSB0035, 7737, 7743, 6771, 7PK1075-9, 6PK1980-4, 7PK1950-4, 99168X24XS, 40130X15XS, 279612, RCDI01800, RPDI00430, HF 33, 358054191, 358054211, 858083191, 858083211, TS.3980, OC 66, LX 618, KL 83, KL 582, FI-0280155769, RCPT00543, RCPT00910, RCPT02650, 05P646, GDB1445, GDB1212, 1111-539, 801977, T42060, T36001, T43043, 531 0594 30"
AUTOMÓVILES,ALFA ROMEO,146,1.8 16V,2000,"10142GOP, 60051GOP, 316 036, AX3610, JTSB0035, 7737, 7743, 6PK1055-9, 99168X24XS, 40130X15XS, 10X735-9, 279612, RCDI01040, 358054191, 358054211, 858083191, 858083211, 858083221, TS.3980, OC 66, LX 618, KL 83, KL 582, FI-0280155769, RCPT00543, RCPT02650, RCPT07590, 05P646, GDB1445, GDB1212, GDB1333, K99168X24XS-C, RCLF00470, T42060, T36001, T43043"
AUTOMÓVILES,ALFA ROMEO,146,1.8 16V,2001,"10142GOP, 60051GOP, 316 036, AX3610, JTSB0035, 7737, 7743, 6PK1055-9, 99168X24XS, 40130X15XS, 10X735-9, 279612, RCDI01040, 358054191, 358054211, 858083191, 858083211, 858083221, TS.3980, OC 66, LX 618, KL 83, KL 582, FI-0280155769, RCPT00543, RCPT02650, RCPT07590, 05P646, GDB1445, GDB1212, GDB1333, K99168X24XS-C, RCLF00470, T42060, T36001, T43043"
AUTOMÓVILES,ALFA ROMEO,146,1.8 16V,2002,"10142GOP, 60051GOP, 316 036, AX3610, JTSB0035, 7737, 7743, 6PK1055-9, 99168X24XS, 40130X15XS, 10X735-9, 279612, RCDI01040, 358054191, 358054211, 858083191, 858083211, 858083221, TS.3980, OC 66, LX 618, KL 83, KL 582, FI-0280155769, RCPT00543, RCPT02650, RCPT07590, 05P646, GDB1445, GDB1212, GDB1333, K99168X24XS-C, RCLF00470, T42060, T36001, T43043"
AUTOMÓVILES,ALFA ROMEO,146,1.8 TS,1996,"10142GOP, 60051GOP, 316 036, AX3610, JTSB0035, 195, 7737, 7743, 1869, 6PK1055-9, 6PK1840-4, 99168X24XS, 40130X15XS, 10X735-9, RCDI01040, RCDI01800, HF 33, 358054191, 358054211, 858083191, 858083211, 858083221, TS.3980, OC 66, LX 618, KL 83, KL 582, FI-0280155769, RCPT00860, 05P646, GDB301, GDB1212, GDB458, GDB1333, K99168X24XS-C, T42060, T36001, T43043"
AUTOMÓVILES,ALFA ROMEO,146,1.8 TS,1997,"10142GOP, 60051GOP, 316 036, AX3610, JTSB0035, 195, 7737, 7743, 1869, 6PK1055-9, 6PK1840-4, 99168X24XS, 40130X15XS, 10X735-9, RCDI01040, RCDI01800, HF 33, 358054191, 358054211, 858083191, 858083211, 858083221, TS.3980, OC 66, LX 618, KL 83, KL 582, FI-0280155769, RCPT00860, 05P646, GDB301, GDB1212, GDB458, GDB1333, K99168X24XS-C, T42060, T36001, T43043"
AUTOMÓVILES,ALFA ROMEO,146,1.8 TS,1998,"10142GOP, 60051GOP, 316 036, AX3610, JTSB0035, 195, 7737, 7743, 1869, 6PK1055-9, 6PK1840-4, 99168X24XS, 40130X15XS, 10X735-9, RCDI01040, RCDI01800, HF 33, 358054191, 358054211, 858083191, 858083211, 858083221, TS.3980, OC 66, LX 618, KL 83, KL 582, FI-0280155769, RCPT00860, 05P646, GDB301, GDB1212, GDB458, GDB1333, K99168X24XS-C, T42060, T36001, T43043"
AUTOMÓVILES,ALFA ROMEO,146,1.8 TS,1999,"10142GOP, 60051GOP, 316 036, AX3610, JTSB0035, 195, 7737, 7743, 1869, 6PK1055-9, 6PK1840-4, 99168X24XS, 40130X15XS, 10X735-9, RCDI01040, RCDI01800, HF 33, 358054191, 358054211, 858083191, 858083211, 858083221, TS.3980, OC 66, LX 618, KL 83, KL 582, FI-0280155769, RCPT00860, 05P646, GDB301, GDB1212, GDB458, GDB1333, K99168X24XS-C, T42060, T36001, T43043"
AUTOMÓVILES,ALFA ROMEO,146,1.8 TS,2000,"10142GOP, 60051GOP, 316 036, AX3610, JTSB0035, 195, 7737, 7743, 1869, 6PK1055-9, 6PK1840-4, 99168X24XS, 40130X15XS, 10X735-9, RCDI01040, RCDI01800, HF 33, 358054191, 358054211, 858083191, 858083211, 858083221, TS.3980, OC 66, LX 618, KL 83, KL 582, FI-0280155769, RCPT00860, 05P646, GDB301, GDB1212, GDB458, GDB1333, K99168X24XS-C, T42060, T36001, T43043"
AUTOMÓVILES,ALFA ROMEO,146,1.8 TS,2001,"10142GOP, 60051GOP, 316 036, AX3610, JTSB0035, 195, 7737, 7743, 1869, 6PK1055-9, 6PK1840-4, 99168X24XS, 40130X15XS, 10X735-9, RCDI01040, RCDI01800, HF 33, 358054191, 358054211, 858083191, 858083211, 858083221, TS.3980, OC 66, LX 618, KL 83, KL 582, FI-0280155769, RCPT00860, 05P646, GDB301, GDB1212, GDB458, GDB1333, K99168X24XS-C, T42060, T36001, T43043"
AUTOMÓVILES,ALFA ROMEO,146,1.8 TS,2002,"10142GOP, 60051GOP, 316 036, AX3610, JTSB0035, 195, 7737, 7743, 1869, 6PK1055-9, 6PK1840-4, 99168X24XS, 40130X15XS, 10X735-9, RCDI01040, RCDI01800, HF 33, 358054191, 358054211, 858083191, 858083211, 858083221, TS.3980, OC 66, LX 618, KL 83, KL 582, FI-0280155769, RCPT00860, 05P646, GDB301, GDB1212, GDB458, GDB1333, K99168X24XS-C, T42060, T36001, T43043"
AUTOMÓVILES,ALFA ROMEO,146,1.9 JTD,1999,"10142GOP, 60051GOP, 316 036, AX3610, JTSB0035, BA339, BA866, 195, 7737, 7743, 40190X24XS, RCDI01040, RPDI04540, HF 30, HF 33, 358054191, 358054211, 858083191, 858083211, 858083221, TS.3980, LX 618, 05P646, GDB1387, GDB1333, 821324, 535 0023 10, T36006, T38356, T38364, 534 0101 20, 531 0255 30, 532 0287 10, 531 0844 10, 836016"
AUTOMÓVILES,ALFA ROMEO,146,1.9 JTD,2000,"10142GOP, 60051GOP, 316 036, AX3610, JTSB0035, BA339, BA866, 195, 7737, 7743, 40190X24XS, RCDI01040, RPDI04540, HF 30, HF 33, 358054191, 358054211, 858083191, 858083211, 858083221, TS.3980, LX 618, 05P646, GDB1387, GDB1333, 821324, 535 0023 10, T36006, T38356, T38364, 534 0101 20, 531 0255 30, 532 0287 10, 531 0844 10, 836016"
AUTOMÓVILES,ALFA ROMEO,146,1.9 JTD,2001,"10142GOP, 60051GOP, 316 036, AX3610, JTSB0035, BA339, BA866, 195, 7737, 7743, 40190X24XS, RCDI01040, RPDI04540, HF 30, HF 33, 358054191, 358054211, 858083191, 858083211, 858083221, TS.3980, LX 618, 05P646, GDB1387, GDB1333, 821324, 535 0023 10, T36006, T38356, T38364, 534 0101 20, 531 0255 30, 532 0287 10, 531 0844 10, 836016"
AUTOMÓVILES,ALFA ROMEO,146,1.9 JTD,2002,"10142GOP, 60051GOP, 316 036, AX3610, JTSB0035, BA339, BA866, 195, 7737, 7743, 40190X24XS, RCDI01040, RPDI04540, HF 30, HF 33, 358054191, 358054211, 858083191, 858083211, 858083221, TS.3980, LX 618, 05P646, GDB1387, GDB1333, 821324, 535 0023 10, T36006, T38356, T38364, 534 0101 20, 531 0255 30, 532 0287 10, 531 0844 10, 836016"
AUTOMÓVILES,ALFA ROMEO,146,1.9 TD,1996,"10142GOP, 60051GOP, 316 036, AX3610, JTSB0035, 3149, 7737, 7743, 99173X22, 279612, RCDI01040, HF 30, 358054191, 358054211, 858083211, 858083221, TS.3980, OC 501, LX 453, KC 51, RCPT00860, RCPT07590, 05P646, GDB1333, 1111-539, 821325, RCLF00440, RCLF00460, 12803AP, T36208, T38356"
AUTOMÓVILES,ALFA ROMEO,146,1.9 TD,1997,"10142GOP, 60051GOP, 316 036, AX3610, JTSB0035, 3149, 7737, 7743, 99173X22, 279612, RCDI01040, HF 30, 358054191, 358054211, 858083211, 858083221, TS.3980, OC 501, LX 453, KC 51, RCPT00860, RCPT07590, 05P646, GDB1333, 1111-539, 821325, RCLF00440, RCLF00460, 12803AP, T36208, T38356"
AUTOMÓVILES,ALFA ROMEO,146,1.9 TD,1998,"10142GOP, 60051GOP, 316 036, AX3610, JTSB0035, 3149, 7737, 7743, 99173X22, 279612, RCDI01040, HF 30, 358054191, 358054211, 858083211, 858083221, TS.3980, OC 501, LX 453, KC 51, RCPT00860, RCPT07590, 05P646, GDB1333, 1111-539, 821325, RCLF00440, RCLF00460, 12803AP, T36208, T38356"
AUTOMÓVILES,ALFA ROMEO,146,1.9 TD,1999,"10142GOP, 60051GOP, 316 036, AX3610, JTSB0035, 3149, 7737, 7743, 99173X22, 279612, RCDI01040, HF 30, 358054191, 358054211, 858083211, 858083221, TS.3980, OC 501, LX 453, KC 51, RCPT00860, RCPT07590, 05P646, GDB1333, 1111-539, 821325, RCLF00440, RCLF00460, 12803AP, T36208, T38356"
AUTOMÓVILES,ALFA ROMEO,146,2.0 TI,1996,"10142GOP, 60051GOP, 316 036, AX3610, JTSB0035, 195, 3031, 7737, 7743, 7PK1075-9, 7PK1950-4, 99168X24XS, 40130X15XS, 126X15XS, RCDI01040, HF 33, 358054191, 358054211, 858083191, 858083211, TS.3980, OC 66, LX 618, KL 83, KL 582, FI-0280155769, RCPT07590, 05P646, GDB1212, GDB1333, 1111-539, 801977, 12803AP, T42060, T36001, T43043, 531 0594 30"
AUTOMÓVILES,ALFA ROMEO,146,2.0 TI,1997,"10142GOP, 60051GOP, 316 036, AX3610, JTSB0035, 195, 3031, 7737, 7743, 7PK1075-9, 7PK1950-4, 99168X24XS, 40130X15XS, 126X15XS, RCDI01040, HF 33, 358054191, 358054211, 858083191, 858083211, TS.3980, OC 66, LX 618, KL 83, KL 582, FI-0280155769, RCPT07590, 05P646, GDB1212, GDB1333, 1111-539, 801977, 12803AP, T42060, T36001, T43043, 531 0594 30"
AUTOMÓVILES,ALFA ROMEO,146,2.0 TI,1998,"10142GOP, 60051GOP, 316 036, AX3610, JTSB0035, 195, 3031, 7737, 7743, 7PK1075-9, 7PK1950-4, 99168X24XS, 40130X15XS, 126X15XS, RCDI01040, HF 33, 358054191, 358054211, 858083191, 858083211, TS.3980, OC 66, LX 618, KL 83, KL 582, FI-0280155769, RCPT07590, 05P646, GDB1212, GDB1333, 1111-539, 801977, 12803AP, T42060, T36001, T43043, 531 0594 30"
AUTOMÓVILES,ALFA ROMEO,146,2.0 TI,1999,"10142GOP, 60051GOP, 316 036, AX3610, JTSB0035, 195, 3031, 7737, 7743, 7PK1075-9, 7PK1950-4, 99168X24XS, 40130X15XS, 126X15XS, RCDI01040, HF 33, 358054191, 358054211, 858083191, 858083211, TS.3980, OC 66, LX 618, KL 83, KL 582, FI-0280155769, RCPT07590, 05P646, GDB1212, GDB1333, 1111-539, 801977, 12803AP, T42060, T36001, T43043, 531 0594 30"
AUTOMÓVILES,ALFA ROMEO,146,2.0 TI,2000,"10142GOP, 60051GOP, 316 036, AX3610, JTSB0035, 195, 3031, 7737, 7743, 7PK1075-9, 7PK1950-4, 99168X24XS, 40130X15XS, 126X15XS, RCDI01040, HF 33, 358054191, 358054211, 858083191, 858083211, TS.3980, OC 66, LX 618, KL 83, KL 582, FI-0280155769, RCPT07590, 05P646, GDB1212, GDB1333, 1111-539, 801977, 12803AP, T42060, T36001, T43043, 531 0594 30"
AUTOMÓVILES,ALFA ROMEO,147,1.6 TS,2007,"316 036, 556 307, JTSB0037, BL0151, BL0152, 662, 49, 50, 804523, 40163X24XS, 163X24XS, CSC3135, RCDI01780, HF 47, OC 66, FI-0280155769, 05P664, 05P872, GDB1445, RCLF00470, T42060, T38356, T43033"
AUTOMÓVILES,ALFA ROMEO,147,1.6 TS,2008,"316 036, 556 307, JTSB0037, BL0151, BL0152, 662, 49, 50, 804523, 40163X24XS, 163X24XS, CSC3135, RCDI01780, HF 47, OC 66, FI-0280155769, 05P664, 05P872, GDB1445, RCLF00470, T42060, T38356, T43033"
AUTOMÓVILES,ALFA ROMEO,147,1.6 TS,2009,"316 036, 556 307, JTSB0037, BL0151, BL0152, 662, 49, 50, 804523, 40163X24XS, 163X24XS, CSC3135, RCDI01780, HF 47, OC 66, FI-0280155769, 05P664, 05P872, GDB1445, RCLF00470, T42060, T38356, T43033"
AUTOMÓVILES,ALFA ROMEO,147,1.6 TS,2010,"316 036, 556 307, JTSB0037, BL0151, BL0152, 662, 49, 50, 804523, 40163X24XS, 163X24XS, CSC3135, RCDI01780, HF 47, OC 66, FI-0280155769, 05P664, 05P872, GDB1445, RCLF00470, T42060, T38356, T43033"
AUTOMÓVILES,ALFA ROMEO,147,1.9 JTD,2002,"556 307, JTSB0037, BL0151, BL0152, BA866, 662, 49, 50, 40190X24XS, RCDI01780, HF 47, HF 46, 05P872, GDB1445, K40190X24XS-E, 826230, RCLF00470, T36006, T38364, 534 0101 20, TC0250450"
AUTOMÓVILES,ALFA ROMEO,147,1.9 JTD,2003,"556 307, JTSB0037, BL0151, BL0152, BA866, 662, 49, 50, 40190X24XS, RCDI01780, HF 47, HF 46, 05P872, GDB1445, K40190X24XS-E, 826230, RCLF00470, T36006, T38364, 534 0101 20, TC0250450"
AUTOMÓVILES,ALFA ROMEO,147,1.9 JTD,2004,"556 307, JTSB0037, BL0151, BL0152, BA866, 662, 49, 50, 40190X24XS, RCDI01780, HF 47, HF 46, 05P872, GDB1445, K40190X24XS-E, 826230, RCLF00470, T36006, T38364, 534 0101 20, TC0250450"
AUTOMÓVILES,ALFA ROMEO,147,1.9 JTD,2005,"556 307, JTSB0037, BL0151, BL0152, BA866, 662, 49, 50, 40190X24XS, RCDI01780, HF 47, HF 46, 05P872, GDB1445, K40190X24XS-E, 826230, RCLF00470, T36006, T38364, 534 0101 20, TC0250450"
AUTOMÓVILES,ALFA ROMEO,147,1.9 JTD,2006,"556 307, JTSB0037, BL0151, BL0152, BA866, 662, 49, 50, 40190X24XS, RCDI01780, HF 47, HF 46, 05P872, GDB1445, K40190X24XS-E, 826230, RCLF00470, T36006, T38364, 534 0101 20, TC0250450"
AUTOMÓVILES,ALFA ROMEO,147,1.9 JTD,2007,"556 307, JTSB0037, BL0151, BL0152, BA866, 662, 49, 50, 40190X24XS, RCDI01780, HF 47, HF 46, 05P872, GDB1445, K40190X24XS-E, 826230, RCLF00470, T36006, T38364, 534 0101 20, TC0250450"
AUTOMÓVILES,ALFA ROMEO,147,1.9 JTD,2008,"556 307, JTSB0037, BL0151, BL0152, BA866, 662, 49, 50, 40190X24XS, RCDI01780, HF 47, HF 46, 05P872, GDB1445, K40190X24XS-E, 826230, RCLF00470, T36006, T38364, 534 0101 20, TC0250450"
AUTOMÓVILES,ALFA ROMEO,147,1.9 JTD,2009,"556 307, JTSB0037, BL0151, BL0152, BA866, 662, 49, 50, 40190X24XS, RCDI01780, HF 47, HF 46, 05P872, GDB1445, K40190X24XS-E, 826230, RCLF00470, T36006, T38364, 534 0101 20, TC0250450"
AUTOMÓVILES,ALFA ROMEO,147,1.9 JTD,2010,"556 307, JTSB0037, BL0151, BL0152, BA866, 662, 49, 50, 40190X24XS, RCDI01780, HF 47, HF 46, 05P872, GDB1445, K40190X24XS-E, 826230, RCLF00470, T36006, T38364, 534 0101 20, TC0250450"
AUTOMÓVILES,ALFA ROMEO,147,2.0 TS,2002,"556 307, JTSB0037, BL0151, BL0152, 662, 49, 50, 804500, 804519, 804523, 7PK1950-4, 6PK1060-4, 6PK1960-4, 99168X24XS, 40130X15XS, CSC3135, 510 0015 30, RCDI01780, HF 47, OC 66, 05P872, GDB1445, K99168X24XS-C, RCLF00470, T42060, T38356, T43043, 531 0594 30"
AUTOMÓVILES,ALFA ROMEO,147,2.0 TS,2003,"556 307, JTSB0037, BL0151, BL0152, 662, 49, 50, 804500, 804519, 804523, 7PK1950-4, 6PK1060-4, 6PK1960-4, 99168X24XS, 40130X15XS, CSC3135, 510 0015 30, RCDI01780, HF 47, OC 66, 05P872, GDB1445, K99168X24XS-C, RCLF00470, T42060, T38356, T43043, 531 0594 30"
AUTOMÓVILES,ALFA ROMEO,147,2.0 TS,2004,"556 307, JTSB0037, BL0151, BL0152, 662, 49, 50, 804500, 804519, 804523, 7PK1950-4, 6PK1060-4, 6PK1960-4, 99168X24XS, 40130X15XS, CSC3135, 510 0015 30, RCDI01780, HF 47, OC 66, 05P872, GDB1445, K99168X24XS-C, RCLF00470, T42060, T38356, T43043, 531 0594 30"
AUTOMÓVILES,ALFA ROMEO,147,2.0 TS,2005,"556 307, JTSB0037, BL0151, BL0152, 662, 49, 50, 804500, 804519, 804523, 7PK1950-4, 6PK1060-4, 6PK1960-4, 99168X24XS, 40130X15XS, CSC3135, 510 0015 30, RCDI01780, HF 47, OC 66, 05P872, GDB1445, K99168X24XS-C, RCLF00470, T42060, T38356, T43043, 531 0594 30"
AUTOMÓVILES,ALFA ROMEO,147,2.0 TS,2006,"556 307, JTSB0037, BL0151, BL0152, 662, 49, 50, 804500, 804519, 804523, 7PK1950-4, 6PK1060-4, 6PK1960-4, 99168X24XS, 40130X15XS, CSC3135, 510 0015 30, RCDI01780, HF 47, OC 66, 05P872, GDB1445, K99168X24XS-C, RCLF00470, T42060, T38356, T43043, 531 0594 30"
AUTOMÓVILES,ALFA ROMEO,147,2.0 TS,2007,"556 307, JTSB0037, BL0151, BL0152, 662, 49, 50, 804500, 804519, 804523, 7PK1950-4, 6PK1060-4, 6PK1960-4, 99168X24XS, 40130X15XS, CSC3135, 510 0015 30, RCDI01780, HF 47, OC 66, 05P872, GDB1445, K99168X24XS-C, RCLF00470, T42060, T38356, T43043, 531 0594 30"
AUTOMÓVILES,ALFA ROMEO,147,2.0 TS,2008,"556 307, JTSB0037, BL0151, BL0152, 662, 49, 50, 804500, 804519, 804523, 7PK1950-4, 6PK1060-4, 6PK1960-4, 99168X24XS, 40130X15XS, CSC3135, 510 0015 30, RCDI01780, HF 47, OC 66, 05P872, GDB1445, K99168X24XS-C, RCLF00470, T42060, T38356, T43043, 531 0594 30"
AUTOMÓVILES,ALFA ROMEO,147,2.0 TS,2009,"556 307, JTSB0037, BL0151, BL0152, 662, 49, 50, 804500, 804519, 804523, 7PK1950-4, 6PK1060-4, 6PK1960-4, 99168X24XS, 40130X15XS, CSC3135, 510 0015 30, RCDI01780, HF 47, OC 66, 05P872, GDB1445, K99168X24XS-C, RCLF00470, T42060, T38356, T43043, 531 0594 30"
AUTOMÓVILES,ALFA ROMEO,147,2.0 TS,2010,"556 307, JTSB0037, BL0151, BL0152, 662, 49, 50, 804500, 804519, 804523, 7PK1950-4, 6PK1060-4, 6PK1960-4, 99168X24XS, 40130X15XS, CSC3135, 510 0015 30, RCDI01780, HF 47, OC 66, 05P872, GDB1445, K99168X24XS-C, RCLF00470, T42060, T38356, T43043, 531 0594 30"
AUTOMÓVILES,ALFA ROMEO,147,3.2 JTS V6,2008,"556 307, JTSB0037, BL0151, BL0152, 662, 49, 50, 05P1393, 05P872, RCLF00470"
AUTOMÓVILES,ALFA ROMEO,147,3.2 JTS V6,2009,"556 307, JTSB0037, BL0151, BL0152, 662, 49, 50, 05P1393, 05P872, RCLF00470"
AUTOMÓVILES,ALFA ROMEO,147,3.2 JTS V6,2010,"556 307, JTSB0037, BL0151, BL0152, 662, 49, 50, 05P1393, 05P872, RCLF00470"
AUTOMÓVILES,ALFA ROMEO,155,1.6 TS,1995,"316 036, AX3610, JTSB0030, JTSB0035, BA332, KG15094.7.1, 7737, 7743, 40166X24XS, HF 30, HF 33, LX 618, KL 83, KL 582, 624 0793 00, RCLF00440, RCLF00460, 12803AP, T42060, T36001, T43033"
AUTOMÓVILES,ALFA ROMEO,155,1.6 TS,1996,"316 036, AX3610, JTSB0030, JTSB0035, BA332, KG15094.7.1, 7737, 7743, 40166X24XS, HF 30, HF 33, LX 618, KL 83, KL 582, 624 0793 00, RCLF00440, RCLF00460, 12803AP, T42060, T36001, T43033"
AUTOMÓVILES,ALFA ROMEO,155,1.8 TS,1992,"10142GOP, 316 036, AX3610, JTSB0030, JTSB0035, BA332, 3031, KG15094.7.1, 7737, 7743, 4PK960-4, 5PK1285-9, 5PK1280-4, 99168X24XS, 40130X15XS, 10X735-9, 279612, RCDI01040, RCDI01600, RCDI01800, RCDI06070, HF 30, HF 33, 858083211, LX 618, KL 83, KL 582, RCPT00860, RCPT00910, RCPT07590, GDB458, GDB466, K99168X24XS-C, 801082, 624 0793 00, RCLF00440, RCLF00460, T42060, T36001, T43043"
AUTOMÓVILES,ALFA ROMEO,155,1.8 TS,1993,"10142GOP, 316 036, AX3610, JTSB0030, JTSB0035, BA332, 3031, KG15094.7.1, 7737, 7743, 4PK960-4, 5PK1285-9, 5PK1280-4, 99168X24XS, 40130X15XS, 10X735-9, 279612, RCDI01040, RCDI01600, RCDI01800, RCDI06070, HF 30, HF 33, 858083211, LX 618, KL 83, KL 582, RCPT00860, RCPT00910, RCPT07590, GDB458, GDB466, K99168X24XS-C, 801082, 624 0793 00, RCLF00440, RCLF00460, T42060, T36001, T43043"
AUTOMÓVILES,ALFA ROMEO,155,1.8 TS,1994,"10142GOP, 316 036, AX3610, JTSB0030, JTSB0035, BA332, 3031, KG15094.7.1, 7737, 7743, 4PK960-4, 5PK1285-9, 5PK1280-4, 99168X24XS, 40130X15XS, 10X735-9, 279612, RCDI01040, RCDI01600, RCDI01800, RCDI06070, HF 30, HF 33, 858083211, LX 618, KL 83, KL 582, RCPT00860, RCPT00910, RCPT07590, GDB458, GDB466, K99168X24XS-C, 801082, 624 0793 00, RCLF00440, RCLF00460, T42060, T36001, T43043"
AUTOMÓVILES,ALFA ROMEO,155,1.8 TS,1995,"10142GOP, 316 036, AX3610, JTSB0030, JTSB0035, BA332, 3031, KG15094.7.1, 7737, 7743, 4PK960-4, 5PK1285-9, 5PK1280-4, 99168X24XS, 40130X15XS, 10X735-9, 279612, RCDI01040, RCDI01600, RCDI01800, RCDI06070, HF 30, HF 33, 858083211, LX 618, KL 83, KL 582, RCPT00860, RCPT00910, RCPT07590, GDB458, GDB466, K99168X24XS-C, 801082, 624 0793 00, RCLF00440, RCLF00460, T42060, T36001, T43043"
AUTOMÓVILES,ALFA ROMEO,155,1.8 TS,1996,"10142GOP, 316 036, AX3610, JTSB0030, JTSB0035, BA332, 3031, KG15094.7.1, 7737, 7743, 4PK960-4, 5PK1285-9, 5PK1280-4, 99168X24XS, 40130X15XS, 10X735-9, 279612, RCDI01040, RCDI01600, RCDI01800, RCDI06070, HF 30, HF 33, 858083211, LX 618, KL 83, KL 582, RCPT00860, RCPT00910, RCPT07590, GDB458, GDB466, K99168X24XS-C, 801082, 624 0793 00, RCLF00440, RCLF00460, T42060, T36001, T43043"
AUTOMÓVILES,ALFA ROMEO,155,1.9 TD,1993,"10142GOP, 316 036, AX3610, JTSB0030, JTSB0035, BA389, 195, LEIGG006, KG15094.7.1, 7737, 7743, 99173X22, 279612, RCDI01040, RCDI01600, RCDI01800, RCDI06070, HF 33, 858083211, OC 501, LX 453, KC 51, RCPT00910, RCPT04850, GDB466, GDB1058, 622 0489 00, 624 0793 00, RCLF00440, RCLF00450, RCLF00460, RCLF00470, T36208"
AUTOMÓVILES,ALFA ROMEO,155,1.9 TD,1994,"10142GOP, 316 036, AX3610, JTSB0030, JTSB0035, BA389, 195, LEIGG006, KG15094.7.1, 7737, 7743, 99173X22, 279612, RCDI01040, RCDI01600, RCDI01800, RCDI06070, HF 33, 858083211, OC 501, LX 453, KC 51, RCPT00910, RCPT04850, GDB466, GDB1058, 622 0489 00, 624 0793 00, RCLF00440, RCLF00450, RCLF00460, RCLF00470, T36208"
AUTOMÓVILES,ALFA ROMEO,155,1.9 TD,1995,"10142GOP, 316 036, AX3610, JTSB0030, JTSB0035, BA389, 195, LEIGG006, KG15094.7.1, 7737, 7743, 99173X22, 279612, RCDI01040, RCDI01600, RCDI01800, RCDI06070, HF 33, 858083211, OC 501, LX 453, KC 51, RCPT00910, RCPT04850, GDB466, GDB1058, 622 0489 00, 624 0793 00, RCLF00440, RCLF00450, RCLF00460, RCLF00470, T36208"
AUTOMÓVILES,ALFA ROMEO,155,1.9 TD,1996,"10142GOP, 316 036, AX3610, JTSB0030, JTSB0035, BA389, 195, LEIGG006, KG15094.7.1, 7737, 7743, 99173X22, 279612, RCDI01040, RCDI01600, RCDI01800, RCDI06070, HF 33, 858083211, OC 501, LX 453, KC 51, RCPT00910, RCPT04850, GDB466, GDB1058, 622 0489 00, 624 0793 00, RCLF00440, RCLF00450, RCLF00460, RCLF00470, T36208"
AUTOMÓVILES,ALFA ROMEO,155,1.9 TD,1997,"10142GOP, 316 036, AX3610, JTSB0030, JTSB0035, BA389, 195, LEIGG006, KG15094.7.1, 7737, 7743, 99173X22, 279612, RCDI01040, RCDI01600, RCDI01800, RCDI06070, HF 33, 858083211, OC 501, LX 453, KC 51, RCPT00910, RCPT04850, GDB466, GDB1058, 622 0489 00, 624 0793 00, RCLF00440, RCLF00450, RCLF00460, RCLF00470, T36208"
AUTOMÓVILES,ALFA ROMEO,155,2.0 SUPER,1996,"316 036, AX3610, JTSB0030, JTSB0035, BA332, KG15094.7.1, 7737, 7743, 7PK1950-4, 5PK1280-4, 99168X24XS, 40130X15XS, 10X735-9, 510 0015 30, 279612, RCDI01600, RCDI01800, HF 33, OC 66, LX 618, KL 83, KL 582, RCPT00860, RCPT02650, GDB1333, GDB1058, 801977, 624 0793 00, RCLF00440, RCLF00450, RCLF00460, RCLF00470, 12803AP, T42060, T38356, T43043, 531 0594 30"
AUTOMÓVILES,ALFA ROMEO,155,2.0 SUPER,1997,"316 036, AX3610, JTSB0030, JTSB0035, BA332, KG15094.7.1, 7737, 7743, 7PK1950-4, 5PK1280-4, 99168X24XS, 40130X15XS, 10X735-9, 510 0015 30, 279612, RCDI01600, RCDI01800, HF 33, OC 66, LX 618, KL 83, KL 582, RCPT00860, RCPT02650, GDB1333, GDB1058, 801977, 624 0793 00, RCLF00440, RCLF00450, RCLF00460, RCLF00470, 12803AP, T42060, T38356, T43043, 531 0594 30"
AUTOMÓVILES,ALFA ROMEO,155,2.0 SUPER,1998,"316 036, AX3610, JTSB0030, JTSB0035, BA332, KG15094.7.1, 7737, 7743, 7PK1950-4, 5PK1280-4, 99168X24XS, 40130X15XS, 10X735-9, 510 0015 30, 279612, RCDI01600, RCDI01800, HF 33, OC 66, LX 618, KL 83, KL 582, RCPT00860, RCPT02650, GDB1333, GDB1058, 801977, 624 0793 00, RCLF00440, RCLF00450, RCLF00460, RCLF00470, 12803AP, T42060, T38356, T43043, 531 0594 30"
AUTOMÓVILES,ALFA ROMEO,155,2.0 T,1992,"10142GOP, 316 036, AX3610, JTSB0030, JTSB0035, BA312, 195, KG15094.7.1, 7737, 7743, 7PK1075-9, 5PK1040-4, 99173X18XS, 097X15XS, 13X775-9, 13X755-9, 13X860-4, 279612, RCDI01600, HF 30, HF 42, HF 33, OC 66, RCPT00860, RCPT00910, RCPT04850, GDB466, GDB1058, 624 0793 00, RCLF00440, RCLF00450, RCLF00460, RCLF00470"
AUTOMÓVILES,ALFA ROMEO,155,2.0 T,1993,"10142GOP, 316 036, AX3610, JTSB0030, JTSB0035, BA312, 195, KG15094.7.1, 7737, 7743, 7PK1075-9, 5PK1040-4, 99173X18XS, 097X15XS, 13X775-9, 13X755-9, 13X860-4, 279612, RCDI01600, HF 30, HF 42, HF 33, OC 66, RCPT00860, RCPT00910, RCPT04850, GDB466, GDB1058, 624 0793 00, RCLF00440, RCLF00450, RCLF00460, RCLF00470"
AUTOMÓVILES,ALFA ROMEO,155,2.0 T,1994,"10142GOP, 316 036, AX3610, JTSB0030, JTSB0035, BA312, 195, KG15094.7.1, 7737, 7743, 7PK1075-9, 5PK1040-4, 99173X18XS, 097X15XS, 13X775-9, 13X755-9, 13X860-4, 279612, RCDI01600, HF 30, HF 42, HF 33, OC 66, RCPT00860, RCPT00910, RCPT04850, GDB466, GDB1058, 624 0793 00, RCLF00440, RCLF00450, RCLF00460, RCLF00470"
AUTOMÓVILES,ALFA ROMEO,155,2.0 T,1995,"10142GOP, 316 036, AX3610, JTSB0030, JTSB0035, BA312, 195, KG15094.7.1, 7737, 7743, 7PK1075-9, 5PK1040-4, 99173X18XS, 097X15XS, 13X775-9, 13X755-9, 13X860-4, 279612, RCDI01600, HF 30, HF 42, HF 33, OC 66, RCPT00860, RCPT00910, RCPT04850, GDB466, GDB1058, 624 0793 00, RCLF00440, RCLF00450, RCLF00460, RCLF00470"
AUTOMÓVILES,ALFA ROMEO,155,2.0 T,1996,"10142GOP, 316 036, AX3610, JTSB0030, JTSB0035, BA312, 195, KG15094.7.1, 7737, 7743, 7PK1075-9, 5PK1040-4, 99173X18XS, 097X15XS, 13X775-9, 13X755-9, 13X860-4, 279612, RCDI01600, HF 30, HF 42, HF 33, OC 66, RCPT00860, RCPT00910, RCPT04850, GDB466, GDB1058, 624 0793 00, RCLF00440, RCLF00450, RCLF00460, RCLF00470"
AUTOMÓVILES,ALFA ROMEO,155,2.0 T,1997,"10142GOP, 316 036, AX3610, JTSB0030, JTSB0035, BA312, 195, KG15094.7.1, 7737, 7743, 7PK1075-9, 5PK1040-4, 99173X18XS, 097X15XS, 13X775-9, 13X755-9, 13X860-4, 279612, RCDI01600, HF 30, HF 42, HF 33, OC 66, RCPT00860, RCPT00910, RCPT04850, GDB466, GDB1058, 624 0793 00, RCLF00440, RCLF00450, RCLF00460, RCLF00470"
AUTOMÓVILES,ALFA ROMEO,155,2.5,1992,"10142GOP, 316 036, 556 307, AX3610, JTSB0030, JTSB0035, 195, KG15094.7.1, 7737, 7743, 4PK875-9, 4PK675-9, 4PK655-9, 5PK1005-9, 10X735-9, RCDI01600, HF 42, HF 33, OC 18, RCPT00910, RCPT01040, GDB1058, 801350, 624 0793 00, RCLF00440, RCLF00450, RCLF00460, RCLF00470"
AUTOMÓVILES,ALFA ROMEO,155,2.5,1993,"10142GOP, 316 036, 556 307, AX3610, JTSB0030, JTSB0035, 195, KG15094.7.1, 7737, 7743, 4PK875-9, 4PK675-9, 4PK655-9, 5PK1005-9, 10X735-9, RCDI01600, HF 42, HF 33, OC 18, RCPT00910, RCPT01040, GDB1058, 801350, 624 0793 00, RCLF00440, RCLF00450, RCLF00460, RCLF00470"
AUTOMÓVILES,ALFA ROMEO,155,2.5,1994,"10142GOP, 316 036, 556 307, AX3610, JTSB0030, JTSB0035, 195, KG15094.7.1, 7737, 7743, 4PK875-9, 4PK675-9, 4PK655-9, 5PK1005-9, 10X735-9, RCDI01600, HF 42, HF 33, OC 18, RCPT00910, RCPT01040, GDB1058, 801350, 624 0793 00, RCLF00440, RCLF00450, RCLF00460, RCLF00470"
AUTOMÓVILES,ALFA ROMEO,155,2.5,1995,"10142GOP, 316 036, 556 307, AX3610, JTSB0030, JTSB0035, 195, KG15094.7.1, 7737, 7743, 4PK875-9, 4PK675-9, 4PK655-9, 5PK1005-9, 10X735-9, RCDI01600, HF 42, HF 33, OC 18, RCPT00910, RCPT01040, GDB1058, 801350, 624 0793 00, RCLF00440, RCLF00450, RCLF00460, RCLF00470"
AUTOMÓVILES,ALFA ROMEO,155,2.5,1996,"10142GOP, 316 036, 556 307, AX3610, JTSB0030, JTSB0035, 195, KG15094.7.1, 7737, 7743, 4PK875-9, 4PK675-9, 4PK655-9, 5PK1005-9, 10X735-9, RCDI01600, HF 42, HF 33, OC 18, RCPT00910, RCPT01040, GDB1058, 801350, 624 0793 00, RCLF00440, RCLF00450, RCLF00460, RCLF00470"
AUTOMÓVILES,ALFA ROMEO,155,2.5,1997,"10142GOP, 316 036, 556 307, AX3610, JTSB0030, JTSB0035, 195, KG15094.7.1, 7737, 7743, 4PK875-9, 4PK675-9, 4PK655-9, 5PK1005-9, 10X735-9, RCDI01600, HF 42, HF 33, OC 18, RCPT00910, RCPT01040, GDB1058, 801350, 624 0793 00, RCLF00440, RCLF00450, RCLF00460, RCLF00470"
AUTOMÓVILES,ALFA ROMEO,156,2.0 TS,1998,"556 307, JTSB0037, BL0151, BL0152, BA332, 420 0050 10, KG15041.4.1, 7PK1075-9, 7PK1970-4, 6PK1980-4, 7PK1950-4, 6PK1060-4, 6PK1960-4, 99168X24XS, 40130X15XS, RCDI01780, HF 47, OC 66, FI-0280155769, RCPT00543, RCPT02650, RCPT05670, 05P298, GDB1445, GDB1212, RCLF00450, RCLF00470, T42060, T38356, T43043, 531 0594 30"
AUTOMÓVILES,ALFA ROMEO,156,2.0 TS,1999,"556 307, JTSB0037, BL0151, BL0152, BA332, 420 0050 10, KG15041.4.1, 7PK1075-9, 7PK1970-4, 6PK1980-4, 7PK1950-4, 6PK1060-4, 6PK1960-4, 99168X24XS, 40130X15XS, RCDI01780, HF 47, OC 66, FI-0280155769, RCPT00543, RCPT02650, RCPT05670, 05P298, GDB1445, GDB1212, RCLF00450, RCLF00470, T42060, T38356, T43043, 531 0594 30"
AUTOMÓVILES,ALFA ROMEO,156,2.0 TS,2000,"556 307, JTSB0037, BL0151, BL0152, BA332, 420 0050 10, KG15041.4.1, 7PK1075-9, 7PK1970-4, 6PK1980-4, 7PK1950-4, 6PK1060-4, 6PK1960-4, 99168X24XS, 40130X15XS, RCDI01780, HF 47, OC 66, FI-0280155769, RCPT00543, RCPT02650, RCPT05670, 05P298, GDB1445, GDB1212, RCLF00450, RCLF00470, T42060, T38356, T43043, 531 0594 30"
AUTOMÓVILES,ALFA ROMEO,156,2.0 TS,2001,"556 307, JTSB0037, BL0151, BL0152, BA332, 420 0050 10, KG15041.4.1, 7PK1075-9, 7PK1970-4, 6PK1980-4, 7PK1950-4, 6PK1060-4, 6PK1960-4, 99168X24XS, 40130X15XS, CSC3135, RCDI01780, HF 47, 858083211, OC 66, FI-0280155769, RCPT00543, RCPT02650, RCPT05670, 05P298, GDB1445, GDB1212, RCLF00450, RCLF00470, T42060, T38356, T43043, 531 0594 30"
AUTOMÓVILES,ALFA ROMEO,156,2.0 TS,2002,"556 307, JTSB0037, BL0151, BL0152, BA332, 420 0050 10, KG15041.4.1, 7PK1075-9, 7PK1970-4, 6PK1980-4, 7PK1950-4, 6PK1060-4, 6PK1960-4, 99168X24XS, 40130X15XS, CSC3135, RCDI01780, HF 47, 858083211, OC 66, FI-0280155769, RCPT00543, RCPT02650, RCPT05670, 05P298, GDB1445, GDB1212, RCLF00450, RCLF00470, T42060, T38356, T43043, 531 0594 30"
AUTOMÓVILES,ALFA ROMEO,156,2.0 TS,2003,"556 307, JTSB0037, BL0151, BL0152, BA332, 420 0050 10, KG15041.4.1, 7PK1075-9, 7PK1970-4, 6PK1980-4, 7PK1950-4, 6PK1060-4, 6PK1960-4, 99168X24XS, 40130X15XS, CSC3135, RCDI01780, HF 47, 858083211, OC 66, FI-0280155769, RCPT00543, RCPT02650, RCPT05670, 05P298, GDB1445, GDB1212, RCLF00450, RCLF00470, T42060, T38356, T43043, 531 0594 30"
AUTOMÓVILES,ALFA ROMEO,156,2.0 TS,2004,"556 307, JTSB0037, BL0151, BL0152, BA332, 420 0050 10, KG15041.4.1, 7PK1075-9, 7PK1970-4, 6PK1980-4, 7PK1950-4, 6PK1060-4, 6PK1960-4, 99168X24XS, 40130X15XS, RCDI01780, HF 47, OC 66, FI-0280155769, RCPT00543, RCPT02650, RCPT05670, 05P298, GDB1445, GDB1212, RCLF00450, RCLF00470, T42060, T38356, T43043, 531 0594 30"
AUTOMÓVILES,ALFA ROMEO,156,2.0 TS,2005,"556 307, JTSB0037, BL0151, BL0152, BA332, 420 0050 10, KG15041.4.1, 7PK1075-9, 7PK1970-4, 6PK1980-4, 7PK1950-4, 6PK1060-4, 6PK1960-4, 99168X24XS, 40130X15XS, RCDI01780, HF 47, OC 66, FI-0280155769, RCPT00543, RCPT02650, RCPT05670, 05P298, GDB1445, GDB1212, RCLF00450, RCLF00470, T42060, T38356, T43043, 531 0594 30"
AUTOMÓVILES,ALFA ROMEO,156,2.0 TS,2006,"556 307, JTSB0037, BL0151, BL0152, BA332, 420 0050 10, KG15041.4.1, 7PK1075-9, 7PK1970-4, 6PK1980-4, 7PK1950-4, 6PK1060-4, 6PK1960-4, 99168X24XS, 40130X15XS, RCDI01780, HF 47, OC 66, FI-0280155769, RCPT00543, RCPT02650, RCPT05670, 05P298, GDB1445, GDB1212, RCLF00450, RCLF00470, T42060, T38356, T43043, 531 0594 30"
AUTOMÓVILES,ALFA ROMEO,156,2.0 TS,2007,"556 307, JTSB0037, BL0151, BL0152, BA332, 420 0050 10, KG15041.4.1, 7PK1075-9, 7PK1970-4, 6PK1980-4, 7PK1950-4, 6PK1060-4, 6PK1960-4, 99168X24XS, 40130X15XS, RCDI01780, HF 47, OC 66, FI-0280155769, RCPT00543, RCPT02650, RCPT05670, 05P298, GDB1445, GDB1212, RCLF00450, RCLF00470, T42060, T38356, T43043, 531 0594 30"
AUTOMÓVILES,ALFA ROMEO,156,2.4 JTD,1998,"556 307, JTSB0037, BL0151, BL0152, BA866, KG15041.4.1, 40190X24XS, RCDI01780, HF 47, RCPT05670, 05P298, GDB1445, 821325, 624 3007 00, RCLF00450, RCLF00470, 535 0023 10, T36080, 532 0360 10, 836016"
AUTOMÓVILES,ALFA ROMEO,156,2.4 JTD,1999,"556 307, JTSB0037, BL0151, BL0152, BA866, KG15041.4.1, 40190X24XS, RCDI01780, HF 47, RCPT05670, 05P298, GDB1445, 821325, 624 3007 00, RCLF00450, RCLF00470, 535 0023 10, T36080, 532 0360 10, 836016"
AUTOMÓVILES,ALFA ROMEO,156,2.4 JTD,2000,"556 307, JTSB0037, BL0151, BL0152, BA866, KG15041.4.1, 40190X24XS, RCDI01780, HF 47, RCPT05670, 05P298, GDB1445, 821325, 624 3007 00, RCLF00450, RCLF00470, 535 0023 10, T36080, 532 0360 10, 836016"
AUTOMÓVILES,ALFA ROMEO,156,2.4 JTD,2001,"556 307, JTSB0037, BL0151, BL0152, BA866, KG15041.4.1, 40190X24XS, RCDI01780, HF 47, RCPT00543, RCPT02650, RCPT05670, 05P298, GDB1445, 821325, 624 3008 00, 624 3007 00, RCLF00450, RCLF00470, 535 0023 10, T36080, 532 0360 10, 836016"
AUTOMÓVILES,ALFA ROMEO,156,2.4 JTD,2002,"556 307, JTSB0037, BL0151, BL0152, BA866, KG15041.4.1, 40190X24XS, RCDI01780, HF 47, RCPT00543, RCPT02650, RCPT05670, 05P298, GDB1445, 821325, 624 3008 00, 624 3007 00, RCLF00450, RCLF00470, 535 0023 10, T36080, 532 0360 10, 836016"
AUTOMÓVILES,ALFA ROMEO,156,2.4 JTD,2003,"556 307, JTSB0037, BL0151, BL0152, BA866, KG15041.4.1, 40190X24XS, RCDI01780, HF 47, RCPT00543, RCPT02650, RCPT05670, 05P298, GDB1445, 821325, 624 3008 00, 624 3007 00, RCLF00450, RCLF00470, 535 0023 10, T36080, 532 0360 10, 836016"
AUTOMÓVILES,ALFA ROMEO,156,2.4 JTD (150 CV),2003,"556 307, JTSB0037, BL0151, BL0152, KG15041.4.1, 40190X24XS, RCDI01780, HF 47, RCPT00543, RCPT02650, RCPT05670, 05P298, GDB1384, GDB1445, 821325, 624 3008 00, 624 3007 00, RCLF00450, RCLF00470, 532 0360 10"
AUTOMÓVILES,ALFA ROMEO,156,2.4 JTD (150 CV),2004,"556 307, JTSB0037, BL0151, BL0152, KG15041.4.1, 40190X24XS, RCDI01780, HF 47, RCPT00543, RCPT02650, RCPT05670, 05P298, GDB1384, GDB1445, 821325, 624 3008 00, 624 3007 00, RCLF00450, RCLF00470, 532 0360 10"
AUTOMÓVILES,ALFA ROMEO,156,2.4 JTD (150 CV),2005,"556 307, JTSB0037, BL0151, BL0152, KG15041.4.1, 40190X24XS, RCDI01780, HF 47, RCPT00543, RCPT02650, RCPT05670, 05P298, GDB1384, GDB1445, 821325, 624 3008 00, 624 3007 00, RCLF00450, RCLF00470, 532 0360 10"
AUTOMÓVILES,ALFA ROMEO,156,2.4 JTD (150 CV),2006,"556 307, JTSB0037, BL0151, BL0152, KG15041.4.1, 40190X24XS, RCDI01780, HF 47, RCPT00543, RCPT02650, RCPT05670, 05P298, GDB1384, GDB1445, 821325, 624 3008 00, 624 3007 00, RCLF00450, RCLF00470, 532 0360 10"
AUTOMÓVILES,ALFA ROMEO,156,2.4 JTD (150 CV),2007,"556 307, JTSB0037, BL0151, BL0152, KG15041.4.1, 40190X24XS, RCDI01780, HF 47, RCPT00543, RCPT02650, RCPT05670, 05P298, GDB1384, GDB1445, 821325, 624 3008 00, 624 3007 00, RCLF00450, RCLF00470, 532 0360 10"
AUTOMÓVILES,ALFA ROMEO,156,2.5 24V V6,1998,"556 307, JTSB0037, BL0151, BL0152, KG15041.4.1, 6PK1990-4, 6PK1060-4, 58185X28XS, RCDI01780, HF 47, 858083211, OC 66, RCPT02650, RCPT05670, 05P298, GDB1445, RCLF00450, RCLF00470"
AUTOMÓVILES,ALFA ROMEO,156,2.5 24V V6,1999,"556 307, JTSB0037, BL0151, BL0152, KG15041.4.1, 6PK1990-4, 6PK1060-4, 58185X28XS, RCDI01780, HF 47, 858083211, OC 66, RCPT02650, RCPT05670, 05P298, GDB1445, RCLF00450, RCLF00470"
AUTOMÓVILES,ALFA ROMEO,156,2.5 24V V6,2000,"556 307, JTSB0037, BL0151, BL0152, KG15041.4.1, 6PK1990-4, 6PK1060-4, 58185X28XS, RCDI01780, HF 47, 858083211, OC 66, RCPT02650, RCPT05670, 05P298, GDB1445, RCLF00450, RCLF00470"
AUTOMÓVILES,ALFA ROMEO,156,2.5 24V V6,2001,"556 307, JTSB0037, BL0151, BL0152, KG15041.4.1, 6PK1990-4, 6PK1060-4, 58185X28XS, RCDI01780, HF 47, 858083211, OC 66, RCPT02650, RCPT05670, 05P298, GDB1445, RCLF00450, RCLF00470"
AUTOMÓVILES,ALFA ROMEO,156,2.5 24V V6,2002,"556 307, JTSB0037, BL0151, BL0152, KG15041.4.1, 6PK1990-4, 6PK1060-4, 58185X28XS, RCDI01780, HF 47, 858083211, OC 66, RCPT02650, RCPT05670, 05P298, GDB1445, RCLF00450, RCLF00470"
AUTOMÓVILES,ALFA ROMEO,156,2.5 24V V6,2003,"556 307, JTSB0037, BL0151, BL0152, KG15041.4.1, 6PK1990-4, 6PK1060-4, 58185X28XS, HF 47, 858083211, OC 66, RCPT02650, RCPT05670, 05P298, RCLF00450, RCLF00470"
AUTOMÓVILES,ALFA ROMEO,156,2.5 24V V6 (192 CV),2003,"556 307, JTSB0037, BL0151, BL0152, KG15041.4.1, 6PK1990-4, 6PK1060-4, 58185X28XS, RCDI01780, 858083211, OC 66, RCPT02650, RCPT05670, 05P298, RCLF00450, RCLF00470"
AUTOMÓVILES,ALFA ROMEO,156,2.5 24V V6 (192 CV),2004,"556 307, JTSB0037, BL0151, BL0152, KG15041.4.1, 6PK1990-4, 6PK1060-4, 58185X28XS, RCDI01780, 858083211, OC 66, RCPT02650, RCPT05670, 05P298, RCLF00450, RCLF00470"
AUTOMÓVILES,ALFA ROMEO,156,2.5 24V V6 (192 CV),2005,"556 307, JTSB0037, BL0151, BL0152, KG15041.4.1, 6PK1990-4, 6PK1060-4, 58185X28XS, RCDI01780, 858083211, OC 66, RCPT02650, RCPT05670, 05P298, RCLF00450, RCLF00470"
AUTOMÓVILES,ALFA ROMEO,156,2.5 24V V6 (192 CV),2006,"556 307, JTSB0037, BL0151, BL0152, KG15041.4.1, 6PK1990-4, 6PK1060-4, 58185X28XS, RCDI01780, 858083211, OC 66, RCPT02650, RCPT05670, 05P298, RCLF00450, RCLF00470"
AUTOMÓVILES,ALFA ROMEO,156,2.5 24V V6 (192 CV),2007,"556 307, JTSB0037, BL0151, BL0152, KG15041.4.1, 6PK1990-4, 6PK1060-4, 58185X28XS, RCDI01780, 858083211, OC 66, RCPT02650, RCPT05670, 05P298, RCLF00450, RCLF00470"
AUTOMÓVILES,ALFA ROMEO,159,1.8 TBI,2009,"BA684, KG15055.4.1, 510 0180 10, 05P855, 05P1552, GDB1490, RCLF00450, RCLF00470"
AUTOMÓVILES,ALFA ROMEO,159,1.8 TBI,2010,"BA684, KG15055.4.1, 510 0180 10, 05P855, 05P1552, GDB1490, RCLF00450, RCLF00470"
AUTOMÓVILES,ALFA ROMEO,159,1.8 TBI,2011,"BA684, KG15055.4.1, 510 0180 10, 05P855, 05P1552, GDB1490, RCLF00450, RCLF00470"
AUTOMÓVILES,ALFA ROMEO,159,1.8 TBI,2012,"BA684, KG15055.4.1, 510 0180 10, 05P855, 05P1552, GDB1490, RCLF00450, RCLF00470"
AUTOMÓVILES,ALFA ROMEO,159,1.8 TBI,2013,"BA684, KG15055.4.1, 510 0180 10, 05P855, 05P1552, GDB1490, RCLF00450, RCLF00470"
AUTOMÓVILES,ALFA ROMEO,159,1.9 JTD,2006,"BA866, KG15055.4.1, 20199X24XS, 510 0180 10, 05P855, 05P1552, GDB1647, GDB1490, K20199x24XS-C, 530 0562 10, RCLF00450, RCLF00470"
AUTOMÓVILES,ALFA ROMEO,159,1.9 JTD,2007,"BA866, KG15055.4.1, 20199X24XS, 510 0180 10, 05P855, 05P1552, GDB1647, GDB1490, K20199x24XS-C, 530 0562 10, RCLF00450, RCLF00470"
AUTOMÓVILES,ALFA ROMEO,159,1.9 JTD,2008,"BA866, KG15055.4.1, 20199X24XS, 510 0180 10, 05P855, 05P1552, GDB1647, GDB1490, K20199x24XS-C, 530 0562 10, RCLF00450, RCLF00470"
AUTOMÓVILES,ALFA ROMEO,159,2.2 JTS,2006,"BA892, KG15055.4.1, 3PK975-9 SF, 510 0180 10, 05P855, 05P1552, GDB1647, GDB1490, RCLF00450, RCLF00470"
AUTOMÓVILES,ALFA ROMEO,159,2.2 JTS,2007,"BA892, KG15055.4.1, 3PK975-9 SF, 510 0180 10, 05P855, 05P1552, GDB1647, GDB1490, RCLF00450, RCLF00470"
AUTOMÓVILES,ALFA ROMEO,159,2.2 JTS,2008,"BA892, KG15055.4.1, 3PK975-9 SF, 510 0180 10, 05P855, 05P1552, GDB1647, GDB1490, RCLF00450, RCLF00470"
AUTOMÓVILES,ALFA ROMEO,159,2.2 JTS,2009,"BA892, KG15055.4.1, 3PK975-9 SF, 510 0180 10, 05P855, 05P1552, GDB1647, GDB1490, RCLF00450, RCLF00470"
AUTOMÓVILES,ALFA ROMEO,159,2.2 JTS,2010,"BA892, KG15055.4.1, 3PK975-9 SF, 510 0180 10, 05P855, 05P1552, GDB1647, GDB1490, RCLF00450, RCLF00470"
AUTOMÓVILES,ALFA ROMEO,159,2.2 JTS,2011,"BA892, KG15055.4.1, 3PK975-9 SF, 510 0180 10, 05P855, 05P1552, GDB1647, GDB1490, RCLF00450, RCLF00470"
AUTOMÓVILES,ALFA ROMEO,159,2.2 JTS,2012,"BA892, KG15055.4.1, 3PK975-9 SF, 510 0180 10, 05P855, 05P1552, GDB1647, GDB1490, RCLF00450, RCLF00470"
AUTOMÓVILES,ALFA ROMEO,159,2.2 JTS,2013,"BA892, KG15055.4.1, 3PK975-9 SF, 510 0180 10, 05P855, 05P1552, GDB1647, GDB1490, RCLF00450, RCLF00470"
AUTOMÓVILES,ALFA ROMEO,159,2.4 JTD 20V,2007,"KG15055.4.1, 20199X24XS, 05P855, 05P674, GDB1490, RCLF00450, RCLF00470"
AUTOMÓVILES,ALFA ROMEO,159,2.4 JTD 20V,2008,"KG15055.4.1, 20199X24XS, 05P855, 05P674, GDB1490, RCLF00450, RCLF00470"
AUTOMÓVILES,ALFA ROMEO,159,3.2 JTS V6,2006,"KG15055.4.1, 6PK2145-9, 05P855, 05P674, GDB1490, RCLF00450, RCLF00470"
AUTOMÓVILES,ALFA ROMEO,159,3.2 JTS V6,2007,"KG15055.4.1, 6PK2145-9, 05P855, 05P674, GDB1490, RCLF00450, RCLF00470"
AUTOMÓVILES,ALFA ROMEO,159,3.2 JTS V6,2008,"KG15055.4.1, 6PK2145-9, 05P855, 05P674, GDB1490, RCLF00450, RCLF00470"
AUTOMÓVILES,ALFA ROMEO,159,3.2 JTS V6,2009,"KG15055.4.1, 6PK2145-9, 05P855, 05P674, GDB1490, RCLF00450, RCLF00470"
AUTOMÓVILES,ALFA ROMEO,159,3.2 JTS V6,2010,"KG15055.4.1, 6PK2145-9, 05P855, 05P674, GDB1490, RCLF00450, RCLF00470"
AUTOMÓVILES,ALFA ROMEO,159,3.2 JTS V6,2011,"KG15055.4.1, 6PK2145-9, 05P855, 05P674, GDB1490, RCLF00450, RCLF00470"
AUTOMÓVILES,ALFA ROMEO,159,3.2 JTS V6,2012,"KG15055.4.1, 6PK2145-9, 05P855, 05P674, GDB1490, RCLF00450, RCLF00470"
AUTOMÓVILES,ALFA ROMEO,159,3.2 JTS V6,2013,"KG15055.4.1, 6PK2145-9, 05P855, 05P674, GDB1490, RCLF00450, RCLF00470"
AUTOMÓVILES,ALFA ROMEO,164,2.0 TS,1992,"KN28022D1, 8109, 7111, 5PK1285-9, 5PK800-4, 279675, RCDI01770, RPDI00550, HF 30A, HF 49B, OC 501, RCPT00910, RCPT01040, 05P298, 05P032, 05P033, 05P358, 05P104, GDB466, GDB1095, 801082, 3000 951 074, 622 1187 00, RCLF00440, RCLF00450, RCLF00460, RCLF00470, T36208"
AUTOMÓVILES,ALFA ROMEO,164,2.0 TS,1993,"KN28022D1, 8109, 7111, 5PK1285-9, 5PK800-4, 279675, RCDI01770, RPDI00550, HF 30A, HF 49B, OC 501, RCPT00910, RCPT01040, 05P298, 05P032, 05P033, 05P358, 05P104, GDB466, GDB1095, 801082, 3000 951 074, 622 1187 00, RCLF00440, RCLF00450, RCLF00460, RCLF00470, T36208"
AUTOMÓVILES,ALFA ROMEO,164,2.0 TS,1994,"KN28022D1, 8109, 7111, 5PK1285-9, 5PK800-4, 279675, RCDI01770, RPDI00550, HF 30A, HF 49B, OC 501, RCPT00910, RCPT01040, 05P298, 05P032, 05P033, 05P358, 05P104, GDB466, GDB1095, 801082, 3000 951 074, 622 1187 00, RCLF00440, RCLF00450, RCLF00460, RCLF00470, T36208"
AUTOMÓVILES,ALFA ROMEO,164,2.0 TS,1995,"KN28022D1, 8109, 7111, 5PK1285-9, 5PK800-4, 279675, RCDI01770, RPDI00550, HF 30A, HF 49B, OC 501, RCPT00910, RCPT01040, 05P298, 05P032, 05P033, 05P358, 05P104, GDB466, GDB1095, 801082, 3000 951 074, 622 1187 00, RCLF00440, RCLF00450, RCLF00460, RCLF00470, T36208"
AUTOMÓVILES,ALFA ROMEO,164,2.0 TS,1996,"KN28022D1, 8109, 7111, 5PK1285-9, 5PK800-4, 279675, RCDI01770, RPDI00550, HF 30A, HF 49B, OC 501, RCPT00910, RCPT01040, 05P298, 05P032, 05P033, 05P358, 05P104, GDB466, GDB1095, 801082, 3000 951 074, 622 1187 00, RCLF00440, RCLF00450, RCLF00460, RCLF00470, T36208"
AUTOMÓVILES,ALFA ROMEO,164,2.0 TS,1997,"KN28022D1, 8109, 7111, 5PK1285-9, 5PK800-4, 279675, RCDI01770, RPDI00550, HF 30A, HF 49B, OC 501, RCPT00910, RCPT01040, 05P298, 05P032, 05P033, 05P358, 05P104, GDB466, GDB1095, 801082, 3000 951 074, 622 1187 00, RCLF00440, RCLF00450, RCLF00460, RCLF00470, T36208"
